Houston,200S,Jan-07,231,231,0,0.0
Houston,200S,Feb-07,231,231,0,0.0
Houston,200S,Mar-07,231,231,0,0.0
Houston,200S,Apr-07,231,231,0,0.0
Houston,200S,May-07,231,230,1,0.431034482759
Houston,200S,Jun-07,231,231,0,0.0
Houston,200S,Jul-07,231,231,0,0.0
Houston,200S,Aug-07,231,231,0,0.0
Houston,200S,Sep-07,231,230,1,0.431034482759
Houston,300S,Jan-07,102,102,0,0.0
Houston,300S,Feb-07,102,102,0,0.0
Houston,300S,Mar-07,102,102,0,0.0
Houston,300S,Apr-07,102,102,0,0.0
Houston,300S,May-07,102,102,0,0.0
Houston,300S,Jun-07,102,102,0,0.0
Houston,300S,Jul-07,102,102,0,0.0
Houston,300S,Aug-07,102,102,0,0.0
Houston,300S,Sep-07,102,102,0,0.0
Houston,600S,Jan-07,245,126,119,48.3739837398
Houston,600S,Feb-07,245,137,108,43.9024390244
Houston,600S,Mar-07,245,142,103,41.8699186992
Houston,600S,Apr-07,245,144,101,41.0569105691
Houston,600S,May-07,245,151,94,38.2113821138
Houston,600S,Jun-07,245,138,107,43.4959349593
Houston,600S,Jul-07,245,146,99,40.243902439
Houston,600S,Aug-07,245,125,120,48.7804878049
Houston,600S,Sep-07,245,143,102,41.4634146341
Houston,626S,Jan-07,164,0,164,99.3939393939
Houston,626S,Feb-07,164,0,164,99.3939393939
Houston,626S,Mar-07,164,0,164,99.3939393939
Houston,626S,Apr-07,164,0,164,99.3939393939
Houston,626S,May-07,164,0,164,99.3939393939
Houston,626S,Jun-07,164,1,163,98.7878787879
Houston,626S,Jul-07,164,0,164,99.3939393939
Houston,626S,Aug-07,164,0,164,99.3939393939
Houston,626S,Sep-07,164,0,164,99.3939393939
Houston,676S,Jan-07,230,194,36,15.5844155844
Houston,676S,Feb-07,230,206,24,10.3896103896
Houston,676S,Mar-07,230,215,15,6.49350649351
Houston,676S,Apr-07,230,207,23,9.95670995671
Houston,676S,May-07,230,163,67,29.0043290043
Houston,676S,Jun-07,230,187,43,18.6147186147
Houston,676S,Jul-07,230,186,44,19.0476190476
Houston,676S,Aug-07,230,230,0,0.0
Houston,676S,Sep-07,230,230,0,0.0
Houston,676RS,Jan-07,225,147,78,34.5132743363
Houston,676RS,Feb-07,225,103,122,53.982300885
Houston,676RS,Mar-07,225,149,76,33.6283185841
Houston,676RS,Apr-07,225,225,0,0.0
Houston,676RS,May-07,225,220,5,2.21238938053
Houston,676RS,Jun-07,225,225,0,0.0
Houston,676RS,Jul-07,225,225,0,0.0
Houston,676RS,Aug-07,225,225,0,0.0
Houston,676RS,Sep-07,225,225,0,0.0
Houston,900S,Jan-07,48,0,48,97.9591836735
Houston,900S,Feb-07,48,0,48,97.9591836735
Houston,900S,Mar-07,48,0,48,97.9591836735
Houston,900S,Apr-07,48,0,48,97.9591836735
Houston,900S,May-07,48,1,47,95.9183673469
Houston,900S,Jun-07,48,0,48,97.9591836735
Houston,900S,Jul-07,48,0,48,97.9591836735
Houston,900S,Aug-07,48,0,48,97.9591836735
Houston,900S,Sep-07,48,0,48,97.9591836735
Houston,929S,Jan-07,112,0,112,99.1150442478
Houston,929S,Feb-07,112,0,112,99.1150442478
Houston,929S,Mar-07,112,0,112,99.1150442478
Houston,929S,Apr-07,112,0,112,99.1150442478
Houston,929S,May-07,112,0,112,99.1150442478
Houston,929S,Jun-07,112,0,112,99.1150442478
Houston,929S,Jul-07,112,0,112,99.1150442478
Houston,929S,Aug-07,112,0,112,99.1150442478
Houston,929S,Sep-07,112,0,112,99.1150442478
Houston,996S,Jan-07,89,89,0,0.0
Houston,996S,Feb-07,89,89,0,0.0
Houston,996S,Mar-07,89,89,0,0.0
Houston,996S,Apr-07,89,89,0,0.0
Houston,996S,May-07,89,89,0,0.0
Houston,996S,Jun-07,89,89,0,0.0
Houston,996S,Jul-07,89,89,0,0.0
Houston,996S,Aug-07,89,89,0,0.0
Houston,996S,Sep-07,89,89,0,0.0
Houston,996RS,Jan-07,246,0,246,99.5951417004
Houston,996RS,Feb-07,246,0,246,99.5951417004
Houston,996RS,Mar-07,246,0,246,99.5951417004
Houston,996RS,Apr-07,246,0,246,99.5951417004
Houston,996RS,May-07,246,0,246,99.5951417004
Houston,996RS,Jun-07,246,0,246,99.5951417004
Houston,996RS,Jul-07,246,0,246,99.5951417004
Houston,996RS,Aug-07,246,0,246,99.5951417004
Houston,996RS,Sep-07,246,1,245,99.1902834008
Houston,RoadStar,Jan-07,205,205,0,0.0
Houston,RoadStar,Feb-07,205,204,1,0.485436893204
Houston,RoadStar,Mar-07,205,205,0,0.0
Houston,RoadStar,Apr-07,205,204,1,0.485436893204
Houston,RoadStar,May-07,205,186,19,9.22330097087
Houston,RoadStar,Jun-07,205,142,63,30.5825242718
Houston,RoadStar,Jul-07,205,109,96,46.6019417476
Houston,RoadStar,Aug-07,205,64,141,68.4466019417
Houston,RoadStar,Sep-07,205,66,139,67.4757281553
Houston,RoadLiner,Jan-07,198,198,0,0.0
Houston,RoadLiner,Feb-07,198,198,0,0.0
Houston,RoadLiner,Mar-07,198,198,0,0.0
Houston,RoadLiner,Apr-07,198,198,0,0.0
Houston,RoadLiner,May-07,198,198,0,0.0
Houston,RoadLiner,Jun-07,198,198,0,0.0
Houston,RoadLiner,Jul-07,198,198,0,0.0
Houston,RoadLiner,Aug-07,198,198,0,0.0
Houston,RoadLiner,Sep-07,198,198,0,0.0
Houston,Victory,Jan-07,273,0,273,99.6350364964
Houston,Victory,Feb-07,273,0,273,99.6350364964
Houston,Victory,Mar-07,273,0,273,99.6350364964
Houston,Victory,Apr-07,273,0,273,99.6350364964
Houston,Victory,May-07,273,0,273,99.6350364964
Houston,Victory,Jun-07,273,0,273,99.6350364964
Houston,Victory,Jul-07,273,0,273,99.6350364964
Houston,Victory,Aug-07,273,0,273,99.6350364964
Houston,Victory,Sep-07,273,0,273,99.6350364964
Houston,Boulevard,Jan-07,238,1,237,99.1631799163
Houston,Boulevard,Feb-07,238,0,238,99.5815899582
Houston,Boulevard,Mar-07,238,0,238,99.5815899582
Houston,Boulevard,Apr-07,238,0,238,99.5815899582
Houston,Boulevard,May-07,238,0,238,99.5815899582
Houston,Boulevard,Jun-07,238,0,238,99.5815899582
Houston,Boulevard,Jul-07,238,0,238,99.5815899582
Houston,Boulevard,Aug-07,238,0,238,99.5815899582
Houston,Boulevard,Sep-07,238,1,237,99.1631799163
Houston,KingTwin,Jan-07,216,0,216,99.5391705069
Houston,KingTwin,Feb-07,216,0,216,99.5391705069
Houston,KingTwin,Mar-07,216,0,216,99.5391705069
Houston,KingTwin,Apr-07,216,19,197,90.7834101382
Houston,KingTwin,May-07,216,0,216,99.5391705069
Houston,KingTwin,Jun-07,216,32,184,84.7926267281
Houston,KingTwin,Jul-07,216,1,215,99.0783410138
Houston,KingTwin,Aug-07,216,8,208,95.8525345622
Houston,KingTwin,Sep-07,216,11,205,94.4700460829
Houston,MegaTwin,Jan-07,130,130,0,0.0
Houston,MegaTwin,Feb-07,130,130,0,0.0
Houston,MegaTwin,Mar-07,130,130,0,0.0
Houston,MegaTwin,Apr-07,130,130,0,0.0
Houston,MegaTwin,May-07,130,130,0,0.0
Houston,MegaTwin,Jun-07,130,130,0,0.0
Houston,MegaTwin,Jul-07,130,130,0,0.0
Houston,MegaTwin,Aug-07,130,130,0,0.0
Houston,MegaTwin,Sep-07,130,130,0,0.0
Houston,ST900,Jan-07,80,0,80,98.7654320988
Houston,ST900,Feb-07,80,1,79,97.5308641975
Houston,ST900,Mar-07,80,0,80,98.7654320988
Houston,ST900,Apr-07,80,0,80,98.7654320988
Houston,ST900,May-07,80,0,80,98.7654320988
Houston,ST900,Jun-07,80,0,80,98.7654320988
Houston,ST900,Jul-07,80,0,80,98.7654320988
Houston,ST900,Aug-07,80,0,80,98.7654320988
Houston,ST900,Sep-07,80,0,80,98.7654320988
Houston,ST1200,Jan-07,182,101,81,44.262295082
Houston,ST1200,Feb-07,182,109,73,39.8907103825
Houston,ST1200,Mar-07,182,103,79,43.1693989071
Houston,ST1200,Apr-07,182,109,73,39.8907103825
Houston,ST1200,May-07,182,128,54,29.5081967213
Houston,ST1200,Jun-07,182,124,58,31.693989071
Houston,ST1200,Jul-07,182,136,46,25.1366120219
Houston,ST1200,Aug-07,182,101,81,44.262295082
Houston,ST1200,Sep-07,182,115,67,36.6120218579
Houston,ST1200R,Jan-07,72,0,72,98.6301369863
Houston,ST1200R,Feb-07,72,0,72,98.6301369863
Houston,ST1200R,Mar-07,72,0,72,98.6301369863
Houston,ST1200R,Apr-07,72,0,72,98.6301369863
Houston,ST1200R,May-07,72,0,72,98.6301369863
Houston,ST1200R,Jun-07,72,0,72,98.6301369863
Houston,ST1200R,Jul-07,72,0,72,98.6301369863
Houston,ST1200R,Aug-07,72,0,72,98.6301369863
Houston,ST1200R,Sep-07,72,0,72,98.6301369863
Houston,Bandit 900,Jan-07,146,0,146,99.3197278912
Houston,Bandit 900,Feb-07,146,0,146,99.3197278912
Houston,Bandit 900,Mar-07,146,0,146,99.3197278912
Houston,Bandit 900,Apr-07,146,0,146,99.3197278912
Houston,Bandit 900,May-07,146,0,146,99.3197278912
Houston,Bandit 900,Jun-07,146,0,146,99.3197278912
Houston,Bandit 900,Jul-07,146,1,145,98.6394557823
Houston,Bandit 900,Aug-07,146,0,146,99.3197278912
Houston,Bandit 900,Sep-07,146,0,146,99.3197278912
Houston,Bandit 1200,Jan-07,117,117,0,0.0
Houston,Bandit 1200,Feb-07,117,116,1,0.847457627119
Houston,Bandit 1200,Mar-07,117,32,85,72.0338983051
Houston,Bandit 1200,Apr-07,117,42,75,63.5593220339
Houston,Bandit 1200,May-07,117,117,0,0.0
Houston,Bandit 1200,Jun-07,117,117,0,0.0
Houston,Bandit 1200,Jul-07,117,90,27,22.8813559322
Houston,Bandit 1200,Aug-07,117,117,0,0.0
Houston,Bandit 1200,Sep-07,117,109,8,6.77966101695
Houston,Bandit 1200S,Jan-07,235,0,235,99.5762711864
Houston,Bandit 1200S,Feb-07,235,0,235,99.5762711864
Houston,Bandit 1200S,Mar-07,235,0,235,99.5762711864
Houston,Bandit 1200S,Apr-07,235,0,235,99.5762711864
Houston,Bandit 1200S,May-07,235,0,235,99.5762711864
Houston,Bandit 1200S,Jun-07,235,0,235,99.5762711864
Houston,Bandit 1200S,Jul-07,235,0,235,99.5762711864
Houston,Bandit 1200S,Aug-07,235,0,235,99.5762711864
Houston,Bandit 1200S,Sep-07,235,0,235,99.5762711864
Houston,Enduro 350,Jan-07,240,0,240,99.5850622407
Houston,Enduro 350,Feb-07,240,0,240,99.5850622407
Houston,Enduro 350,Mar-07,240,0,240,99.5850622407
Houston,Enduro 350,Apr-07,240,0,240,99.5850622407
Houston,Enduro 350,May-07,240,0,240,99.5850622407
Houston,Enduro 350,Jun-07,240,0,240,99.5850622407
Houston,Enduro 350,Jul-07,240,0,240,99.5850622407
Houston,Enduro 350,Aug-07,240,0,240,99.5850622407
Houston,Enduro 350,Sep-07,240,0,240,99.5850622407
Houston,Enduro 450,Jan-07,55,0,55,98.2142857143
Houston,Enduro 450,Feb-07,55,0,55,98.2142857143
Houston,Enduro 450,Mar-07,55,0,55,98.2142857143
Houston,Enduro 450,Apr-07,55,0,55,98.2142857143
Houston,Enduro 450,May-07,55,0,55,98.2142857143
Houston,Enduro 450,Jun-07,55,0,55,98.2142857143
Houston,Enduro 450,Jul-07,55,0,55,98.2142857143
Houston,Enduro 450,Aug-07,55,0,55,98.2142857143
Houston,Enduro 450,Sep-07,55,0,55,98.2142857143
Houston,Enduro 550,Jan-07,215,0,215,99.537037037
Houston,Enduro 550,Feb-07,215,0,215,99.537037037
Houston,Enduro 550,Mar-07,215,0,215,99.537037037
Houston,Enduro 550,Apr-07,215,0,215,99.537037037
Houston,Enduro 550,May-07,215,0,215,99.537037037
Houston,Enduro 550,Jun-07,215,0,215,99.537037037
Houston,Enduro 550,Jul-07,215,0,215,99.537037037
Houston,Enduro 550,Aug-07,215,0,215,99.537037037
Houston,Enduro 550,Sep-07,215,0,215,99.537037037
Houston,CRX500,Jan-07,83,0,83,98.8095238095
Houston,CRX500,Feb-07,83,0,83,98.8095238095
Houston,CRX500,Mar-07,83,0,83,98.8095238095
Houston,CRX500,Apr-07,83,0,83,98.8095238095
Houston,CRX500,May-07,83,0,83,98.8095238095
Houston,CRX500,Jun-07,83,0,83,98.8095238095
Houston,CRX500,Jul-07,83,0,83,98.8095238095
Houston,CRX500,Aug-07,83,0,83,98.8095238095
Houston,CRX500,Sep-07,83,0,83,98.8095238095
Houston,CRS550,Jan-07,96,96,0,0.0
Houston,CRS550,Feb-07,96,96,0,0.0
Houston,CRS550,Mar-07,96,96,0,0.0
Houston,CRS550,Apr-07,96,96,0,0.0
Houston,CRS550,May-07,96,96,0,0.0
Houston,CRS550,Jun-07,96,96,0,0.0
Houston,CRS550,Jul-07,96,87,9,9.27835051546
Houston,CRS550,Aug-07,96,81,15,15.4639175258
Houston,CRS550,Sep-07,96,96,0,0.0
Houston,CRX600,Jan-07,81,0,81,98.7804878049
Houston,CRX600,Feb-07,81,0,81,98.7804878049
Houston,CRX600,Mar-07,81,0,81,98.7804878049
Houston,CRX600,Apr-07,81,0,81,98.7804878049
Houston,CRX600,May-07,81,0,81,98.7804878049
Houston,CRX600,Jun-07,81,0,81,98.7804878049
Houston,CRX600,Jul-07,81,0,81,98.7804878049
Houston,CRX600,Aug-07,81,0,81,98.7804878049
Houston,CRX600,Sep-07,81,0,81,98.7804878049
Houston,CRX650,Jan-07,138,138,0,0.0
Houston,CRX650,Feb-07,138,138,0,0.0
Houston,CRX650,Mar-07,138,137,1,0.719424460432
Houston,CRX650,Apr-07,138,82,56,40.2877697842
Houston,CRX650,May-07,138,27,111,79.8561151079
Houston,CRX650,Jun-07,138,72,66,47.4820143885
Houston,CRX650,Jul-07,138,96,42,30.2158273381
Houston,CRX650,Aug-07,138,138,0,0.0
Houston,CRX650,Sep-07,138,123,15,10.7913669065
Dallas,200S,Jan-07,76,76,0,0.0
Dallas,200S,Feb-07,76,76,0,0.0
Dallas,200S,Mar-07,76,76,0,0.0
Dallas,200S,Apr-07,76,76,0,0.0
Dallas,200S,May-07,76,76,0,0.0
Dallas,200S,Jun-07,76,76,0,0.0
Dallas,200S,Jul-07,76,76,0,0.0
Dallas,200S,Aug-07,76,76,0,0.0
Dallas,200S,Sep-07,76,76,0,0.0
Dallas,300S,Jan-07,253,29,224,88.188976378
Dallas,300S,Feb-07,253,24,229,90.157480315
Dallas,300S,Mar-07,253,0,253,99.6062992126
Dallas,300S,Apr-07,253,0,253,99.6062992126
Dallas,300S,May-07,253,0,253,99.6062992126
Dallas,300S,Jun-07,253,0,253,99.6062992126
Dallas,300S,Jul-07,253,0,253,99.6062992126
Dallas,300S,Aug-07,253,0,253,99.6062992126
Dallas,300S,Sep-07,253,0,253,99.6062992126
Dallas,600S,Jan-07,122,0,122,99.1869918699
Dallas,600S,Feb-07,122,0,122,99.1869918699
Dallas,600S,Mar-07,122,0,122,99.1869918699
Dallas,600S,Apr-07,122,0,122,99.1869918699
Dallas,600S,May-07,122,0,122,99.1869918699
Dallas,600S,Jun-07,122,0,122,99.1869918699
Dallas,600S,Jul-07,122,0,122,99.1869918699
Dallas,600S,Aug-07,122,0,122,99.1869918699
Dallas,600S,Sep-07,122,0,122,99.1869918699
Dallas,626S,Jan-07,98,0,98,98.9898989899
Dallas,626S,Feb-07,98,0,98,98.9898989899
Dallas,626S,Mar-07,98,0,98,98.9898989899
Dallas,626S,Apr-07,98,0,98,98.9898989899
Dallas,626S,May-07,98,0,98,98.9898989899
Dallas,626S,Jun-07,98,0,98,98.9898989899
Dallas,626S,Jul-07,98,0,98,98.9898989899
Dallas,626S,Aug-07,98,0,98,98.9898989899
Dallas,626S,Sep-07,98,0,98,98.9898989899
Dallas,676S,Jan-07,244,244,0,0.0
Dallas,676S,Feb-07,244,244,0,0.0
Dallas,676S,Mar-07,244,244,0,0.0
Dallas,676S,Apr-07,244,244,0,0.0
Dallas,676S,May-07,244,244,0,0.0
Dallas,676S,Jun-07,244,244,0,0.0
Dallas,676S,Jul-07,244,244,0,0.0
Dallas,676S,Aug-07,244,244,0,0.0
Dallas,676S,Sep-07,244,244,0,0.0
Dallas,676RS,Jan-07,36,36,0,0.0
Dallas,676RS,Feb-07,36,36,0,0.0
Dallas,676RS,Mar-07,36,36,0,0.0
Dallas,676RS,Apr-07,36,36,0,0.0
Dallas,676RS,May-07,36,36,0,0.0
Dallas,676RS,Jun-07,36,36,0,0.0
Dallas,676RS,Jul-07,36,36,0,0.0
Dallas,676RS,Aug-07,36,36,0,0.0
Dallas,676RS,Sep-07,36,36,0,0.0
Dallas,900S,Jan-07,34,0,34,97.1428571429
Dallas,900S,Feb-07,34,0,34,97.1428571429
Dallas,900S,Mar-07,34,0,34,97.1428571429
Dallas,900S,Apr-07,34,0,34,97.1428571429
Dallas,900S,May-07,34,0,34,97.1428571429
Dallas,900S,Jun-07,34,0,34,97.1428571429
Dallas,900S,Jul-07,34,0,34,97.1428571429
Dallas,900S,Aug-07,34,0,34,97.1428571429
Dallas,900S,Sep-07,34,0,34,97.1428571429
Dallas,929S,Jan-07,181,49,132,72.5274725275
Dallas,929S,Feb-07,181,42,139,76.3736263736
Dallas,929S,Mar-07,181,40,141,77.4725274725
Dallas,929S,Apr-07,181,58,123,67.5824175824
Dallas,929S,May-07,181,36,145,79.6703296703
Dallas,929S,Jun-07,181,53,128,70.3296703297
Dallas,929S,Jul-07,181,48,133,73.0769230769
Dallas,929S,Aug-07,181,29,152,83.5164835165
Dallas,929S,Sep-07,181,57,124,68.1318681319
Dallas,996S,Jan-07,172,172,0,0.0
Dallas,996S,Feb-07,172,172,0,0.0
Dallas,996S,Mar-07,172,172,0,0.0
Dallas,996S,Apr-07,172,172,0,0.0
Dallas,996S,May-07,172,172,0,0.0
Dallas,996S,Jun-07,172,172,0,0.0
Dallas,996S,Jul-07,172,172,0,0.0
Dallas,996S,Aug-07,172,172,0,0.0
Dallas,996S,Sep-07,172,172,0,0.0
Dallas,996RS,Jan-07,149,0,149,99.3333333333
Dallas,996RS,Feb-07,149,1,148,98.6666666667
Dallas,996RS,Mar-07,149,1,148,98.6666666667
Dallas,996RS,Apr-07,149,0,149,99.3333333333
Dallas,996RS,May-07,149,4,145,96.6666666667
Dallas,996RS,Jun-07,149,31,118,78.6666666667
Dallas,996RS,Jul-07,149,26,123,82.0
Dallas,996RS,Aug-07,149,18,131,87.3333333333
Dallas,996RS,Sep-07,149,59,90,60.0
Dallas,RoadStar,Jan-07,262,262,0,0.0
Dallas,RoadStar,Feb-07,262,262,0,0.0
Dallas,RoadStar,Mar-07,262,262,0,0.0
Dallas,RoadStar,Apr-07,262,262,0,0.0
Dallas,RoadStar,May-07,262,262,0,0.0
Dallas,RoadStar,Jun-07,262,262,0,0.0
Dallas,RoadStar,Jul-07,262,262,0,0.0
Dallas,RoadStar,Aug-07,262,262,0,0.0
Dallas,RoadStar,Sep-07,262,262,0,0.0
Dallas,RoadLiner,Jan-07,105,105,0,0.0
Dallas,RoadLiner,Feb-07,105,105,0,0.0
Dallas,RoadLiner,Mar-07,105,105,0,0.0
Dallas,RoadLiner,Apr-07,105,105,0,0.0
Dallas,RoadLiner,May-07,105,105,0,0.0
Dallas,RoadLiner,Jun-07,105,105,0,0.0
Dallas,RoadLiner,Jul-07,105,105,0,0.0
Dallas,RoadLiner,Aug-07,105,70,35,33.0188679245
Dallas,RoadLiner,Sep-07,105,32,73,68.8679245283
Dallas,Victory,Jan-07,155,0,155,99.358974359
Dallas,Victory,Feb-07,155,0,155,99.358974359
Dallas,Victory,Mar-07,155,0,155,99.358974359
Dallas,Victory,Apr-07,155,0,155,99.358974359
Dallas,Victory,May-07,155,0,155,99.358974359
Dallas,Victory,Jun-07,155,0,155,99.358974359
Dallas,Victory,Jul-07,155,0,155,99.358974359
Dallas,Victory,Aug-07,155,0,155,99.358974359
Dallas,Victory,Sep-07,155,0,155,99.358974359
Dallas,Boulevard,Jan-07,197,197,0,0.0
Dallas,Boulevard,Feb-07,197,197,0,0.0
Dallas,Boulevard,Mar-07,197,197,0,0.0
Dallas,Boulevard,Apr-07,197,197,0,0.0
Dallas,Boulevard,May-07,197,197,0,0.0
Dallas,Boulevard,Jun-07,197,197,0,0.0
Dallas,Boulevard,Jul-07,197,197,0,0.0
Dallas,Boulevard,Aug-07,197,197,0,0.0
Dallas,Boulevard,Sep-07,197,197,0,0.0
Dallas,KingTwin,Jan-07,41,41,0,0.0
Dallas,KingTwin,Feb-07,41,41,0,0.0
Dallas,KingTwin,Mar-07,41,41,0,0.0
Dallas,KingTwin,Apr-07,41,41,0,0.0
Dallas,KingTwin,May-07,41,41,0,0.0
Dallas,KingTwin,Jun-07,41,41,0,0.0
Dallas,KingTwin,Jul-07,41,41,0,0.0
Dallas,KingTwin,Aug-07,41,41,0,0.0
Dallas,KingTwin,Sep-07,41,41,0,0.0
Dallas,MegaTwin,Jan-07,178,36,142,79.3296089385
Dallas,MegaTwin,Feb-07,178,51,127,70.9497206704
Dallas,MegaTwin,Mar-07,178,0,178,99.4413407821
Dallas,MegaTwin,Apr-07,178,0,178,99.4413407821
Dallas,MegaTwin,May-07,178,0,178,99.4413407821
Dallas,MegaTwin,Jun-07,178,0,178,99.4413407821
Dallas,MegaTwin,Jul-07,178,95,83,46.3687150838
Dallas,MegaTwin,Aug-07,178,89,89,49.7206703911
Dallas,MegaTwin,Sep-07,178,21,157,87.7094972067
Dallas,ST900,Jan-07,31,0,31,96.875
Dallas,ST900,Feb-07,31,0,31,96.875
Dallas,ST900,Mar-07,31,0,31,96.875
Dallas,ST900,Apr-07,31,0,31,96.875
Dallas,ST900,May-07,31,0,31,96.875
Dallas,ST900,Jun-07,31,0,31,96.875
Dallas,ST900,Jul-07,31,0,31,96.875
Dallas,ST900,Aug-07,31,0,31,96.875
Dallas,ST900,Sep-07,31,0,31,96.875
Dallas,ST1200,Jan-07,82,82,0,0.0
Dallas,ST1200,Feb-07,82,82,0,0.0
Dallas,ST1200,Mar-07,82,82,0,0.0
Dallas,ST1200,Apr-07,82,82,0,0.0
Dallas,ST1200,May-07,82,82,0,0.0
Dallas,ST1200,Jun-07,82,82,0,0.0
Dallas,ST1200,Jul-07,82,82,0,0.0
Dallas,ST1200,Aug-07,82,82,0,0.0
Dallas,ST1200,Sep-07,82,82,0,0.0
Dallas,ST1200R,Jan-07,186,0,186,99.4652406417
Dallas,ST1200R,Feb-07,186,0,186,99.4652406417
Dallas,ST1200R,Mar-07,186,0,186,99.4652406417
Dallas,ST1200R,Apr-07,186,1,185,98.9304812834
Dallas,ST1200R,May-07,186,0,186,99.4652406417
Dallas,ST1200R,Jun-07,186,10,176,94.1176470588
Dallas,ST1200R,Jul-07,186,42,144,77.0053475936
Dallas,ST1200R,Aug-07,186,70,116,62.0320855615
Dallas,ST1200R,Sep-07,186,108,78,41.7112299465
Dallas,Bandit 900,Jan-07,206,54,152,73.4299516908
Dallas,Bandit 900,Feb-07,206,61,145,70.0483091787
Dallas,Bandit 900,Mar-07,206,38,168,81.1594202899
Dallas,Bandit 900,Apr-07,206,53,153,73.9130434783
Dallas,Bandit 900,May-07,206,52,154,74.3961352657
Dallas,Bandit 900,Jun-07,206,34,172,83.0917874396
Dallas,Bandit 900,Jul-07,206,15,191,92.270531401
Dallas,Bandit 900,Aug-07,206,3,203,98.0676328502
Dallas,Bandit 900,Sep-07,206,4,202,97.5845410628
Dallas,Bandit 1200,Jan-07,117,36,81,68.6440677966
Dallas,Bandit 1200,Feb-07,117,34,83,70.3389830508
Dallas,Bandit 1200,Mar-07,117,99,18,15.2542372881
Dallas,Bandit 1200,Apr-07,117,98,19,16.1016949153
Dallas,Bandit 1200,May-07,117,117,0,0.0
Dallas,Bandit 1200,Jun-07,117,89,28,23.7288135593
Dallas,Bandit 1200,Jul-07,117,0,117,99.1525423729
Dallas,Bandit 1200,Aug-07,117,33,84,71.186440678
Dallas,Bandit 1200,Sep-07,117,0,117,99.1525423729
Dallas,Bandit 1200S,Jan-07,207,133,74,35.5769230769
Dallas,Bandit 1200S,Feb-07,207,130,77,37.0192307692
Dallas,Bandit 1200S,Mar-07,207,144,63,30.2884615385
Dallas,Bandit 1200S,Apr-07,207,141,66,31.7307692308
Dallas,Bandit 1200S,May-07,207,145,62,29.8076923077
Dallas,Bandit 1200S,Jun-07,207,136,71,34.1346153846
Dallas,Bandit 1200S,Jul-07,207,141,66,31.7307692308
Dallas,Bandit 1200S,Aug-07,207,179,28,13.4615384615
Dallas,Bandit 1200S,Sep-07,207,207,0,0.0
Dallas,Enduro 350,Jan-07,43,0,43,97.7272727273
Dallas,Enduro 350,Feb-07,43,0,43,97.7272727273
Dallas,Enduro 350,Mar-07,43,0,43,97.7272727273
Dallas,Enduro 350,Apr-07,43,0,43,97.7272727273
Dallas,Enduro 350,May-07,43,0,43,97.7272727273
Dallas,Enduro 350,Jun-07,43,0,43,97.7272727273
Dallas,Enduro 350,Jul-07,43,0,43,97.7272727273
Dallas,Enduro 350,Aug-07,43,0,43,97.7272727273
Dallas,Enduro 350,Sep-07,43,0,43,97.7272727273
Dallas,Enduro 450,Jan-07,160,160,0,0.0
Dallas,Enduro 450,Feb-07,160,160,0,0.0
Dallas,Enduro 450,Mar-07,160,160,0,0.0
Dallas,Enduro 450,Apr-07,160,160,0,0.0
Dallas,Enduro 450,May-07,160,158,2,1.24223602484
Dallas,Enduro 450,Jun-07,160,153,7,4.34782608696
Dallas,Enduro 450,Jul-07,160,145,15,9.31677018634
Dallas,Enduro 450,Aug-07,160,132,28,17.3913043478
Dallas,Enduro 450,Sep-07,160,129,31,19.2546583851
Dallas,Enduro 550,Jan-07,104,104,0,0.0
Dallas,Enduro 550,Feb-07,104,104,0,0.0
Dallas,Enduro 550,Mar-07,104,104,0,0.0
Dallas,Enduro 550,Apr-07,104,104,0,0.0
Dallas,Enduro 550,May-07,104,104,0,0.0
Dallas,Enduro 550,Jun-07,104,104,0,0.0
Dallas,Enduro 550,Jul-07,104,104,0,0.0
Dallas,Enduro 550,Aug-07,104,104,0,0.0
Dallas,Enduro 550,Sep-07,104,104,0,0.0
Dallas,CRX500,Jan-07,161,0,161,99.3827160494
Dallas,CRX500,Feb-07,161,0,161,99.3827160494
Dallas,CRX500,Mar-07,161,0,161,99.3827160494
Dallas,CRX500,Apr-07,161,0,161,99.3827160494
Dallas,CRX500,May-07,161,0,161,99.3827160494
Dallas,CRX500,Jun-07,161,0,161,99.3827160494
Dallas,CRX500,Jul-07,161,0,161,99.3827160494
Dallas,CRX500,Aug-07,161,0,161,99.3827160494
Dallas,CRX500,Sep-07,161,0,161,99.3827160494
Dallas,CRS550,Jan-07,86,86,0,0.0
Dallas,CRS550,Feb-07,86,86,0,0.0
Dallas,CRS550,Mar-07,86,86,0,0.0
Dallas,CRS550,Apr-07,86,86,0,0.0
Dallas,CRS550,May-07,86,86,0,0.0
Dallas,CRS550,Jun-07,86,86,0,0.0
Dallas,CRS550,Jul-07,86,86,0,0.0
Dallas,CRS550,Aug-07,86,86,0,0.0
Dallas,CRS550,Sep-07,86,86,0,0.0
Dallas,CRX600,Jan-07,125,0,125,99.2063492063
Dallas,CRX600,Feb-07,125,0,125,99.2063492063
Dallas,CRX600,Mar-07,125,0,125,99.2063492063
Dallas,CRX600,Apr-07,125,0,125,99.2063492063
Dallas,CRX600,May-07,125,0,125,99.2063492063
Dallas,CRX600,Jun-07,125,0,125,99.2063492063
Dallas,CRX600,Jul-07,125,0,125,99.2063492063
Dallas,CRX600,Aug-07,125,0,125,99.2063492063
Dallas,CRX600,Sep-07,125,0,125,99.2063492063
Dallas,CRX650,Jan-07,35,0,35,97.2222222222
Dallas,CRX650,Feb-07,35,0,35,97.2222222222
Dallas,CRX650,Mar-07,35,0,35,97.2222222222
Dallas,CRX650,Apr-07,35,1,34,94.4444444444
Dallas,CRX650,May-07,35,0,35,97.2222222222
Dallas,CRX650,Jun-07,35,0,35,97.2222222222
Dallas,CRX650,Jul-07,35,0,35,97.2222222222
Dallas,CRX650,Aug-07,35,0,35,97.2222222222
Dallas,CRX650,Sep-07,35,0,35,97.2222222222
Los Angeles,200S,Jan-07,89,89,0,0.0
Los Angeles,200S,Feb-07,89,89,0,0.0
Los Angeles,200S,Mar-07,89,89,0,0.0
Los Angeles,200S,Apr-07,89,89,0,0.0
Los Angeles,200S,May-07,89,89,0,0.0
Los Angeles,200S,Jun-07,89,89,0,0.0
Los Angeles,200S,Jul-07,89,89,0,0.0
Los Angeles,200S,Aug-07,89,89,0,0.0
Los Angeles,200S,Sep-07,89,89,0,0.0
Los Angeles,300S,Jan-07,61,61,0,0.0
Los Angeles,300S,Feb-07,61,61,0,0.0
Los Angeles,300S,Mar-07,61,61,0,0.0
Los Angeles,300S,Apr-07,61,61,0,0.0
Los Angeles,300S,May-07,61,61,0,0.0
Los Angeles,300S,Jun-07,61,61,0,0.0
Los Angeles,300S,Jul-07,61,61,0,0.0
Los Angeles,300S,Aug-07,61,61,0,0.0
Los Angeles,300S,Sep-07,61,61,0,0.0
Los Angeles,600S,Jan-07,117,0,117,99.1525423729
Los Angeles,600S,Feb-07,117,0,117,99.1525423729
Los Angeles,600S,Mar-07,117,0,117,99.1525423729
Los Angeles,600S,Apr-07,117,0,117,99.1525423729
Los Angeles,600S,May-07,117,0,117,99.1525423729
Los Angeles,600S,Jun-07,117,0,117,99.1525423729
Los Angeles,600S,Jul-07,117,0,117,99.1525423729
Los Angeles,600S,Aug-07,117,0,117,99.1525423729
Los Angeles,600S,Sep-07,117,0,117,99.1525423729
Los Angeles,626S,Jan-07,213,213,0,0.0
Los Angeles,626S,Feb-07,213,213,0,0.0
Los Angeles,626S,Mar-07,213,213,0,0.0
Los Angeles,626S,Apr-07,213,213,0,0.0
Los Angeles,626S,May-07,213,213,0,0.0
Los Angeles,626S,Jun-07,213,213,0,0.0
Los Angeles,626S,Jul-07,213,213,0,0.0
Los Angeles,626S,Aug-07,213,213,0,0.0
Los Angeles,626S,Sep-07,213,213,0,0.0
Los Angeles,676S,Jan-07,48,0,48,97.9591836735
Los Angeles,676S,Feb-07,48,19,29,59.1836734694
Los Angeles,676S,Mar-07,48,48,0,0.0
Los Angeles,676S,Apr-07,48,47,1,2.04081632653
Los Angeles,676S,May-07,48,48,0,0.0
Los Angeles,676S,Jun-07,48,48,0,0.0
Los Angeles,676S,Jul-07,48,48,0,0.0
Los Angeles,676S,Aug-07,48,48,0,0.0
Los Angeles,676S,Sep-07,48,48,0,0.0
Los Angeles,676RS,Jan-07,139,139,0,0.0
Los Angeles,676RS,Feb-07,139,139,0,0.0
Los Angeles,676RS,Mar-07,139,139,0,0.0
Los Angeles,676RS,Apr-07,139,139,0,0.0
Los Angeles,676RS,May-07,139,139,0,0.0
Los Angeles,676RS,Jun-07,139,139,0,0.0
Los Angeles,676RS,Jul-07,139,139,0,0.0
Los Angeles,676RS,Aug-07,139,139,0,0.0
Los Angeles,676RS,Sep-07,139,139,0,0.0
Los Angeles,900S,Jan-07,156,102,54,34.3949044586
Los Angeles,900S,Feb-07,156,66,90,57.3248407643
Los Angeles,900S,Mar-07,156,38,118,75.1592356688
Los Angeles,900S,Apr-07,156,72,84,53.5031847134
Los Angeles,900S,May-07,156,86,70,44.5859872611
Los Angeles,900S,Jun-07,156,115,41,26.1146496815
Los Angeles,900S,Jul-07,156,123,33,21.0191082803
Los Angeles,900S,Aug-07,156,153,3,1.91082802548
Los Angeles,900S,Sep-07,156,91,65,41.4012738854
Los Angeles,929S,Jan-07,111,111,0,0.0
Los Angeles,929S,Feb-07,111,111,0,0.0
Los Angeles,929S,Mar-07,111,111,0,0.0
Los Angeles,929S,Apr-07,111,111,0,0.0
Los Angeles,929S,May-07,111,111,0,0.0
Los Angeles,929S,Jun-07,111,111,0,0.0
Los Angeles,929S,Jul-07,111,111,0,0.0
Los Angeles,929S,Aug-07,111,111,0,0.0
Los Angeles,929S,Sep-07,111,111,0,0.0
Los Angeles,996S,Jan-07,204,204,0,0.0
Los Angeles,996S,Feb-07,204,204,0,0.0
Los Angeles,996S,Mar-07,204,204,0,0.0
Los Angeles,996S,Apr-07,204,204,0,0.0
Los Angeles,996S,May-07,204,204,0,0.0
Los Angeles,996S,Jun-07,204,204,0,0.0
Los Angeles,996S,Jul-07,204,204,0,0.0
Los Angeles,996S,Aug-07,204,204,0,0.0
Los Angeles,996S,Sep-07,204,204,0,0.0
Los Angeles,996RS,Jan-07,36,36,0,0.0
Los Angeles,996RS,Feb-07,36,36,0,0.0
Los Angeles,996RS,Mar-07,36,36,0,0.0
Los Angeles,996RS,Apr-07,36,36,0,0.0
Los Angeles,996RS,May-07,36,36,0,0.0
Los Angeles,996RS,Jun-07,36,36,0,0.0
Los Angeles,996RS,Jul-07,36,36,0,0.0
Los Angeles,996RS,Aug-07,36,36,0,0.0
Los Angeles,996RS,Sep-07,36,36,0,0.0
Los Angeles,RoadStar,Jan-07,143,0,143,99.3055555556
Los Angeles,RoadStar,Feb-07,143,0,143,99.3055555556
Los Angeles,RoadStar,Mar-07,143,0,143,99.3055555556
Los Angeles,RoadStar,Apr-07,143,0,143,99.3055555556
Los Angeles,RoadStar,May-07,143,0,143,99.3055555556
Los Angeles,RoadStar,Jun-07,143,0,143,99.3055555556
Los Angeles,RoadStar,Jul-07,143,0,143,99.3055555556
Los Angeles,RoadStar,Aug-07,143,0,143,99.3055555556
Los Angeles,RoadStar,Sep-07,143,0,143,99.3055555556
Los Angeles,RoadLiner,Jan-07,66,66,0,0.0
Los Angeles,RoadLiner,Feb-07,66,64,2,2.98507462687
Los Angeles,RoadLiner,Mar-07,66,52,14,20.8955223881
Los Angeles,RoadLiner,Apr-07,66,21,45,67.1641791045
Los Angeles,RoadLiner,May-07,66,3,63,94.0298507463
Los Angeles,RoadLiner,Jun-07,66,1,65,97.0149253731
Los Angeles,RoadLiner,Jul-07,66,0,66,98.5074626866
Los Angeles,RoadLiner,Aug-07,66,3,63,94.0298507463
Los Angeles,RoadLiner,Sep-07,66,62,4,5.97014925373
Los Angeles,Victory,Jan-07,252,0,252,99.604743083
Los Angeles,Victory,Feb-07,252,0,252,99.604743083
Los Angeles,Victory,Mar-07,252,0,252,99.604743083
Los Angeles,Victory,Apr-07,252,0,252,99.604743083
Los Angeles,Victory,May-07,252,0,252,99.604743083
Los Angeles,Victory,Jun-07,252,0,252,99.604743083
Los Angeles,Victory,Jul-07,252,0,252,99.604743083
Los Angeles,Victory,Aug-07,252,14,238,94.0711462451
Los Angeles,Victory,Sep-07,252,0,252,99.604743083
Los Angeles,Boulevard,Jan-07,145,0,145,99.3150684932
Los Angeles,Boulevard,Feb-07,145,0,145,99.3150684932
Los Angeles,Boulevard,Mar-07,145,0,145,99.3150684932
Los Angeles,Boulevard,Apr-07,145,0,145,99.3150684932
Los Angeles,Boulevard,May-07,145,0,145,99.3150684932
Los Angeles,Boulevard,Jun-07,145,0,145,99.3150684932
Los Angeles,Boulevard,Jul-07,145,0,145,99.3150684932
Los Angeles,Boulevard,Aug-07,145,0,145,99.3150684932
Los Angeles,Boulevard,Sep-07,145,0,145,99.3150684932
Los Angeles,KingTwin,Jan-07,169,0,169,99.4117647059
Los Angeles,KingTwin,Feb-07,169,0,169,99.4117647059
Los Angeles,KingTwin,Mar-07,169,0,169,99.4117647059
Los Angeles,KingTwin,Apr-07,169,0,169,99.4117647059
Los Angeles,KingTwin,May-07,169,0,169,99.4117647059
Los Angeles,KingTwin,Jun-07,169,0,169,99.4117647059
Los Angeles,KingTwin,Jul-07,169,0,169,99.4117647059
Los Angeles,KingTwin,Aug-07,169,1,168,98.8235294118
Los Angeles,KingTwin,Sep-07,169,0,169,99.4117647059
Los Angeles,MegaTwin,Jan-07,261,0,261,99.6183206107
Los Angeles,MegaTwin,Feb-07,261,0,261,99.6183206107
Los Angeles,MegaTwin,Mar-07,261,0,261,99.6183206107
Los Angeles,MegaTwin,Apr-07,261,0,261,99.6183206107
Los Angeles,MegaTwin,May-07,261,0,261,99.6183206107
Los Angeles,MegaTwin,Jun-07,261,0,261,99.6183206107
Los Angeles,MegaTwin,Jul-07,261,0,261,99.6183206107
Los Angeles,MegaTwin,Aug-07,261,0,261,99.6183206107
Los Angeles,MegaTwin,Sep-07,261,0,261,99.6183206107
Los Angeles,ST900,Jan-07,160,0,160,99.3788819876
Los Angeles,ST900,Feb-07,160,0,160,99.3788819876
Los Angeles,ST900,Mar-07,160,0,160,99.3788819876
Los Angeles,ST900,Apr-07,160,0,160,99.3788819876
Los Angeles,ST900,May-07,160,0,160,99.3788819876
Los Angeles,ST900,Jun-07,160,0,160,99.3788819876
Los Angeles,ST900,Jul-07,160,0,160,99.3788819876
Los Angeles,ST900,Aug-07,160,0,160,99.3788819876
Los Angeles,ST900,Sep-07,160,0,160,99.3788819876
Los Angeles,ST1200,Jan-07,56,56,0,0.0
Los Angeles,ST1200,Feb-07,56,56,0,0.0
Los Angeles,ST1200,Mar-07,56,56,0,0.0
Los Angeles,ST1200,Apr-07,56,56,0,0.0
Los Angeles,ST1200,May-07,56,56,0,0.0
Los Angeles,ST1200,Jun-07,56,56,0,0.0
Los Angeles,ST1200,Jul-07,56,56,0,0.0
Los Angeles,ST1200,Aug-07,56,56,0,0.0
Los Angeles,ST1200,Sep-07,56,56,0,0.0
Los Angeles,ST1200R,Jan-07,175,175,0,0.0
Los Angeles,ST1200R,Feb-07,175,175,0,0.0
Los Angeles,ST1200R,Mar-07,175,175,0,0.0
Los Angeles,ST1200R,Apr-07,175,175,0,0.0
Los Angeles,ST1200R,May-07,175,174,1,0.568181818182
Los Angeles,ST1200R,Jun-07,175,175,0,0.0
Los Angeles,ST1200R,Jul-07,175,175,0,0.0
Los Angeles,ST1200R,Aug-07,175,175,0,0.0
Los Angeles,ST1200R,Sep-07,175,175,0,0.0
Los Angeles,Bandit 900,Jan-07,111,0,111,99.1071428571
Los Angeles,Bandit 900,Feb-07,111,0,111,99.1071428571
Los Angeles,Bandit 900,Mar-07,111,0,111,99.1071428571
Los Angeles,Bandit 900,Apr-07,111,0,111,99.1071428571
Los Angeles,Bandit 900,May-07,111,0,111,99.1071428571
Los Angeles,Bandit 900,Jun-07,111,0,111,99.1071428571
Los Angeles,Bandit 900,Jul-07,111,0,111,99.1071428571
Los Angeles,Bandit 900,Aug-07,111,0,111,99.1071428571
Los Angeles,Bandit 900,Sep-07,111,0,111,99.1071428571
Los Angeles,Bandit 1200,Jan-07,272,0,272,99.6336996337
Los Angeles,Bandit 1200,Feb-07,272,0,272,99.6336996337
Los Angeles,Bandit 1200,Mar-07,272,0,272,99.6336996337
Los Angeles,Bandit 1200,Apr-07,272,0,272,99.6336996337
Los Angeles,Bandit 1200,May-07,272,0,272,99.6336996337
Los Angeles,Bandit 1200,Jun-07,272,0,272,99.6336996337
Los Angeles,Bandit 1200,Jul-07,272,0,272,99.6336996337
Los Angeles,Bandit 1200,Aug-07,272,1,271,99.2673992674
Los Angeles,Bandit 1200,Sep-07,272,0,272,99.6336996337
Los Angeles,Bandit 1200S,Jan-07,88,88,0,0.0
Los Angeles,Bandit 1200S,Feb-07,88,88,0,0.0
Los Angeles,Bandit 1200S,Mar-07,88,88,0,0.0
Los Angeles,Bandit 1200S,Apr-07,88,88,0,0.0
Los Angeles,Bandit 1200S,May-07,88,88,0,0.0
Los Angeles,Bandit 1200S,Jun-07,88,88,0,0.0
Los Angeles,Bandit 1200S,Jul-07,88,88,0,0.0
Los Angeles,Bandit 1200S,Aug-07,88,88,0,0.0
Los Angeles,Bandit 1200S,Sep-07,88,88,0,0.0
Los Angeles,Enduro 350,Jan-07,225,0,225,99.5575221239
Los Angeles,Enduro 350,Feb-07,225,0,225,99.5575221239
Los Angeles,Enduro 350,Mar-07,225,0,225,99.5575221239
Los Angeles,Enduro 350,Apr-07,225,0,225,99.5575221239
Los Angeles,Enduro 350,May-07,225,0,225,99.5575221239
Los Angeles,Enduro 350,Jun-07,225,0,225,99.5575221239
Los Angeles,Enduro 350,Jul-07,225,0,225,99.5575221239
Los Angeles,Enduro 350,Aug-07,225,0,225,99.5575221239
Los Angeles,Enduro 350,Sep-07,225,0,225,99.5575221239
Los Angeles,Enduro 450,Jan-07,168,0,168,99.4082840237
Los Angeles,Enduro 450,Feb-07,168,0,168,99.4082840237
Los Angeles,Enduro 450,Mar-07,168,0,168,99.4082840237
Los Angeles,Enduro 450,Apr-07,168,0,168,99.4082840237
Los Angeles,Enduro 450,May-07,168,0,168,99.4082840237
Los Angeles,Enduro 450,Jun-07,168,0,168,99.4082840237
Los Angeles,Enduro 450,Jul-07,168,0,168,99.4082840237
Los Angeles,Enduro 450,Aug-07,168,0,168,99.4082840237
Los Angeles,Enduro 450,Sep-07,168,0,168,99.4082840237
Los Angeles,Enduro 550,Jan-07,37,37,0,0.0
Los Angeles,Enduro 550,Feb-07,37,37,0,0.0
Los Angeles,Enduro 550,Mar-07,37,37,0,0.0
Los Angeles,Enduro 550,Apr-07,37,37,0,0.0
Los Angeles,Enduro 550,May-07,37,37,0,0.0
Los Angeles,Enduro 550,Jun-07,37,37,0,0.0
Los Angeles,Enduro 550,Jul-07,37,37,0,0.0
Los Angeles,Enduro 550,Aug-07,37,37,0,0.0
Los Angeles,Enduro 550,Sep-07,37,37,0,0.0
Los Angeles,CRX500,Jan-07,122,0,122,99.1869918699
Los Angeles,CRX500,Feb-07,122,0,122,99.1869918699
Los Angeles,CRX500,Mar-07,122,0,122,99.1869918699
Los Angeles,CRX500,Apr-07,122,0,122,99.1869918699
Los Angeles,CRX500,May-07,122,0,122,99.1869918699
Los Angeles,CRX500,Jun-07,122,0,122,99.1869918699
Los Angeles,CRX500,Jul-07,122,0,122,99.1869918699
Los Angeles,CRX500,Aug-07,122,0,122,99.1869918699
Los Angeles,CRX500,Sep-07,122,0,122,99.1869918699
Los Angeles,CRS550,Jan-07,147,147,0,0.0
Los Angeles,CRS550,Feb-07,147,147,0,0.0
Los Angeles,CRS550,Mar-07,147,147,0,0.0
Los Angeles,CRS550,Apr-07,147,147,0,0.0
Los Angeles,CRS550,May-07,147,147,0,0.0
Los Angeles,CRS550,Jun-07,147,147,0,0.0
Los Angeles,CRS550,Jul-07,147,147,0,0.0
Los Angeles,CRS550,Aug-07,147,147,0,0.0
Los Angeles,CRS550,Sep-07,147,147,0,0.0
Los Angeles,CRX600,Jan-07,126,74,52,40.9448818898
Los Angeles,CRX600,Feb-07,126,81,45,35.4330708661
Los Angeles,CRX600,Mar-07,126,53,73,57.4803149606
Los Angeles,CRX600,Apr-07,126,48,78,61.4173228346
Los Angeles,CRX600,May-07,126,82,44,34.6456692913
Los Angeles,CRX600,Jun-07,126,42,84,66.1417322835
Los Angeles,CRX600,Jul-07,126,59,67,52.7559055118
Los Angeles,CRX600,Aug-07,126,0,126,99.2125984252
Los Angeles,CRX600,Sep-07,126,29,97,76.3779527559
Los Angeles,CRX650,Jan-07,274,274,0,0.0
Los Angeles,CRX650,Feb-07,274,274,0,0.0
Los Angeles,CRX650,Mar-07,274,274,0,0.0
Los Angeles,CRX650,Apr-07,274,274,0,0.0
Los Angeles,CRX650,May-07,274,274,0,0.0
Los Angeles,CRX650,Jun-07,274,274,0,0.0
Los Angeles,CRX650,Jul-07,274,274,0,0.0
Los Angeles,CRX650,Aug-07,274,274,0,0.0
Los Angeles,CRX650,Sep-07,274,274,0,0.0
Mexico,200S,Jan-07,53,8,45,83.3333333333
Mexico,200S,Feb-07,53,52,1,1.85185185185
Mexico,200S,Mar-07,53,53,0,0.0
Mexico,200S,Apr-07,53,0,53,98.1481481481
Mexico,200S,May-07,53,6,47,87.037037037
Mexico,200S,Jun-07,53,0,53,98.1481481481
Mexico,200S,Jul-07,53,0,53,98.1481481481
Mexico,200S,Aug-07,53,2,51,94.4444444444
Mexico,200S,Sep-07,53,0,53,98.1481481481
Mexico,300S,Jan-07,259,0,259,99.6153846154
Mexico,300S,Feb-07,259,0,259,99.6153846154
Mexico,300S,Mar-07,259,0,259,99.6153846154
Mexico,300S,Apr-07,259,0,259,99.6153846154
Mexico,300S,May-07,259,0,259,99.6153846154
Mexico,300S,Jun-07,259,0,259,99.6153846154
Mexico,300S,Jul-07,259,0,259,99.6153846154
Mexico,300S,Aug-07,259,0,259,99.6153846154
Mexico,300S,Sep-07,259,0,259,99.6153846154
Mexico,600S,Jan-07,80,0,80,98.7654320988
Mexico,600S,Feb-07,80,0,80,98.7654320988
Mexico,600S,Mar-07,80,0,80,98.7654320988
Mexico,600S,Apr-07,80,0,80,98.7654320988
Mexico,600S,May-07,80,0,80,98.7654320988
Mexico,600S,Jun-07,80,0,80,98.7654320988
Mexico,600S,Jul-07,80,0,80,98.7654320988
Mexico,600S,Aug-07,80,0,80,98.7654320988
Mexico,600S,Sep-07,80,0,80,98.7654320988
Mexico,626S,Jan-07,239,238,1,0.416666666667
Mexico,626S,Feb-07,239,239,0,0.0
Mexico,626S,Mar-07,239,239,0,0.0
Mexico,626S,Apr-07,239,239,0,0.0
Mexico,626S,May-07,239,239,0,0.0
Mexico,626S,Jun-07,239,239,0,0.0
Mexico,626S,Jul-07,239,239,0,0.0
Mexico,626S,Aug-07,239,239,0,0.0
Mexico,626S,Sep-07,239,239,0,0.0
Mexico,676S,Jan-07,76,0,76,98.7012987013
Mexico,676S,Feb-07,76,0,76,98.7012987013
Mexico,676S,Mar-07,76,0,76,98.7012987013
Mexico,676S,Apr-07,76,0,76,98.7012987013
Mexico,676S,May-07,76,0,76,98.7012987013
Mexico,676S,Jun-07,76,0,76,98.7012987013
Mexico,676S,Jul-07,76,0,76,98.7012987013
Mexico,676S,Aug-07,76,0,76,98.7012987013
Mexico,676S,Sep-07,76,0,76,98.7012987013
Mexico,676RS,Jan-07,33,33,0,0.0
Mexico,676RS,Feb-07,33,33,0,0.0
Mexico,676RS,Mar-07,33,33,0,0.0
Mexico,676RS,Apr-07,33,33,0,0.0
Mexico,676RS,May-07,33,33,0,0.0
Mexico,676RS,Jun-07,33,33,0,0.0
Mexico,676RS,Jul-07,33,33,0,0.0
Mexico,676RS,Aug-07,33,33,0,0.0
Mexico,676RS,Sep-07,33,33,0,0.0
Mexico,900S,Jan-07,80,1,79,97.5308641975
Mexico,900S,Feb-07,80,0,80,98.7654320988
Mexico,900S,Mar-07,80,12,68,83.950617284
Mexico,900S,Apr-07,80,0,80,98.7654320988
Mexico,900S,May-07,80,0,80,98.7654320988
Mexico,900S,Jun-07,80,0,80,98.7654320988
Mexico,900S,Jul-07,80,0,80,98.7654320988
Mexico,900S,Aug-07,80,0,80,98.7654320988
Mexico,900S,Sep-07,80,0,80,98.7654320988
Mexico,929S,Jan-07,30,30,0,0.0
Mexico,929S,Feb-07,30,30,0,0.0
Mexico,929S,Mar-07,30,30,0,0.0
Mexico,929S,Apr-07,30,30,0,0.0
Mexico,929S,May-07,30,30,0,0.0
Mexico,929S,Jun-07,30,30,0,0.0
Mexico,929S,Jul-07,30,30,0,0.0
Mexico,929S,Aug-07,30,30,0,0.0
Mexico,929S,Sep-07,30,30,0,0.0
Mexico,996S,Jan-07,61,61,0,0.0
Mexico,996S,Feb-07,61,61,0,0.0
Mexico,996S,Mar-07,61,61,0,0.0
Mexico,996S,Apr-07,61,61,0,0.0
Mexico,996S,May-07,61,61,0,0.0
Mexico,996S,Jun-07,61,61,0,0.0
Mexico,996S,Jul-07,61,61,0,0.0
Mexico,996S,Aug-07,61,61,0,0.0
Mexico,996S,Sep-07,61,61,0,0.0
Mexico,996RS,Jan-07,258,258,0,0.0
Mexico,996RS,Feb-07,258,258,0,0.0
Mexico,996RS,Mar-07,258,258,0,0.0
Mexico,996RS,Apr-07,258,258,0,0.0
Mexico,996RS,May-07,258,258,0,0.0
Mexico,996RS,Jun-07,258,258,0,0.0
Mexico,996RS,Jul-07,258,258,0,0.0
Mexico,996RS,Aug-07,258,258,0,0.0
Mexico,996RS,Sep-07,258,258,0,0.0
Mexico,RoadStar,Jan-07,176,74,102,57.6271186441
Mexico,RoadStar,Feb-07,176,34,142,80.2259887006
Mexico,RoadStar,Mar-07,176,41,135,76.2711864407
Mexico,RoadStar,Apr-07,176,2,174,98.3050847458
Mexico,RoadStar,May-07,176,0,176,99.4350282486
Mexico,RoadStar,Jun-07,176,0,176,99.4350282486
Mexico,RoadStar,Jul-07,176,0,176,99.4350282486
Mexico,RoadStar,Aug-07,176,0,176,99.4350282486
Mexico,RoadStar,Sep-07,176,0,176,99.4350282486
Mexico,RoadLiner,Jan-07,226,226,0,0.0
Mexico,RoadLiner,Feb-07,226,226,0,0.0
Mexico,RoadLiner,Mar-07,226,226,0,0.0
Mexico,RoadLiner,Apr-07,226,226,0,0.0
Mexico,RoadLiner,May-07,226,226,0,0.0
Mexico,RoadLiner,Jun-07,226,226,0,0.0
Mexico,RoadLiner,Jul-07,226,226,0,0.0
Mexico,RoadLiner,Aug-07,226,226,0,0.0
Mexico,RoadLiner,Sep-07,226,226,0,0.0
Mexico,Victory,Jan-07,168,0,168,99.4082840237
Mexico,Victory,Feb-07,168,0,168,99.4082840237
Mexico,Victory,Mar-07,168,0,168,99.4082840237
Mexico,Victory,Apr-07,168,0,168,99.4082840237
Mexico,Victory,May-07,168,0,168,99.4082840237
Mexico,Victory,Jun-07,168,0,168,99.4082840237
Mexico,Victory,Jul-07,168,0,168,99.4082840237
Mexico,Victory,Aug-07,168,0,168,99.4082840237
Mexico,Victory,Sep-07,168,0,168,99.4082840237
Mexico,Boulevard,Jan-07,159,0,159,99.375
Mexico,Boulevard,Feb-07,159,0,159,99.375
Mexico,Boulevard,Mar-07,159,0,159,99.375
Mexico,Boulevard,Apr-07,159,0,159,99.375
Mexico,Boulevard,May-07,159,0,159,99.375
Mexico,Boulevard,Jun-07,159,0,159,99.375
Mexico,Boulevard,Jul-07,159,0,159,99.375
Mexico,Boulevard,Aug-07,159,0,159,99.375
Mexico,Boulevard,Sep-07,159,0,159,99.375
Mexico,KingTwin,Jan-07,270,0,270,99.63099631
Mexico,KingTwin,Feb-07,270,0,270,99.63099631
Mexico,KingTwin,Mar-07,270,0,270,99.63099631
Mexico,KingTwin,Apr-07,270,0,270,99.63099631
Mexico,KingTwin,May-07,270,0,270,99.63099631
Mexico,KingTwin,Jun-07,270,0,270,99.63099631
Mexico,KingTwin,Jul-07,270,0,270,99.63099631
Mexico,KingTwin,Aug-07,270,0,270,99.63099631
Mexico,KingTwin,Sep-07,270,0,270,99.63099631
Mexico,MegaTwin,Jan-07,82,82,0,0.0
Mexico,MegaTwin,Feb-07,82,82,0,0.0
Mexico,MegaTwin,Mar-07,82,81,1,1.20481927711
Mexico,MegaTwin,Apr-07,82,82,0,0.0
Mexico,MegaTwin,May-07,82,71,11,13.2530120482
Mexico,MegaTwin,Jun-07,82,20,62,74.6987951807
Mexico,MegaTwin,Jul-07,82,1,81,97.5903614458
Mexico,MegaTwin,Aug-07,82,82,0,0.0
Mexico,MegaTwin,Sep-07,82,32,50,60.2409638554
Mexico,ST900,Jan-07,77,0,77,98.7179487179
Mexico,ST900,Feb-07,77,0,77,98.7179487179
Mexico,ST900,Mar-07,77,0,77,98.7179487179
Mexico,ST900,Apr-07,77,0,77,98.7179487179
Mexico,ST900,May-07,77,0,77,98.7179487179
Mexico,ST900,Jun-07,77,0,77,98.7179487179
Mexico,ST900,Jul-07,77,0,77,98.7179487179
Mexico,ST900,Aug-07,77,0,77,98.7179487179
Mexico,ST900,Sep-07,77,0,77,98.7179487179
Mexico,ST1200,Jan-07,164,164,0,0.0
Mexico,ST1200,Feb-07,164,164,0,0.0
Mexico,ST1200,Mar-07,164,164,0,0.0
Mexico,ST1200,Apr-07,164,164,0,0.0
Mexico,ST1200,May-07,164,164,0,0.0
Mexico,ST1200,Jun-07,164,164,0,0.0
Mexico,ST1200,Jul-07,164,164,0,0.0
Mexico,ST1200,Aug-07,164,164,0,0.0
Mexico,ST1200,Sep-07,164,164,0,0.0
Mexico,ST1200R,Jan-07,152,150,2,1.30718954248
Mexico,ST1200R,Feb-07,152,152,0,0.0
Mexico,ST1200R,Mar-07,152,152,0,0.0
Mexico,ST1200R,Apr-07,152,146,6,3.92156862745
Mexico,ST1200R,May-07,152,152,0,0.0
Mexico,ST1200R,Jun-07,152,152,0,0.0
Mexico,ST1200R,Jul-07,152,134,18,11.7647058824
Mexico,ST1200R,Aug-07,152,102,50,32.6797385621
Mexico,ST1200R,Sep-07,152,152,0,0.0
Mexico,Bandit 900,Jan-07,140,0,140,99.2907801418
Mexico,Bandit 900,Feb-07,140,1,139,98.5815602837
Mexico,Bandit 900,Mar-07,140,0,140,99.2907801418
Mexico,Bandit 900,Apr-07,140,0,140,99.2907801418
Mexico,Bandit 900,May-07,140,0,140,99.2907801418
Mexico,Bandit 900,Jun-07,140,0,140,99.2907801418
Mexico,Bandit 900,Jul-07,140,0,140,99.2907801418
Mexico,Bandit 900,Aug-07,140,0,140,99.2907801418
Mexico,Bandit 900,Sep-07,140,0,140,99.2907801418
Mexico,Bandit 1200,Jan-07,271,0,271,99.6323529412
Mexico,Bandit 1200,Feb-07,271,0,271,99.6323529412
Mexico,Bandit 1200,Mar-07,271,0,271,99.6323529412
Mexico,Bandit 1200,Apr-07,271,0,271,99.6323529412
Mexico,Bandit 1200,May-07,271,0,271,99.6323529412
Mexico,Bandit 1200,Jun-07,271,0,271,99.6323529412
Mexico,Bandit 1200,Jul-07,271,0,271,99.6323529412
Mexico,Bandit 1200,Aug-07,271,0,271,99.6323529412
Mexico,Bandit 1200,Sep-07,271,0,271,99.6323529412
Mexico,Bandit 1200S,Jan-07,120,52,68,56.1983471074
Mexico,Bandit 1200S,Feb-07,120,63,57,47.1074380165
Mexico,Bandit 1200S,Mar-07,120,45,75,61.9834710744
Mexico,Bandit 1200S,Apr-07,120,120,0,0.0
Mexico,Bandit 1200S,May-07,120,81,39,32.2314049587
Mexico,Bandit 1200S,Jun-07,120,120,0,0.0
Mexico,Bandit 1200S,Jul-07,120,119,1,0.826446280992
Mexico,Bandit 1200S,Aug-07,120,120,0,0.0
Mexico,Bandit 1200S,Sep-07,120,92,28,23.1404958678
Mexico,Enduro 350,Jan-07,48,0,48,97.9591836735
Mexico,Enduro 350,Feb-07,48,0,48,97.9591836735
Mexico,Enduro 350,Mar-07,48,0,48,97.9591836735
Mexico,Enduro 350,Apr-07,48,0,48,97.9591836735
Mexico,Enduro 350,May-07,48,0,48,97.9591836735
Mexico,Enduro 350,Jun-07,48,0,48,97.9591836735
Mexico,Enduro 350,Jul-07,48,0,48,97.9591836735
Mexico,Enduro 350,Aug-07,48,0,48,97.9591836735
Mexico,Enduro 350,Sep-07,48,0,48,97.9591836735
Mexico,Enduro 450,Jan-07,122,17,105,85.3658536585
Mexico,Enduro 450,Feb-07,122,14,108,87.8048780488
Mexico,Enduro 450,Mar-07,122,13,109,88.6178861789
Mexico,Enduro 450,Apr-07,122,0,122,99.1869918699
Mexico,Enduro 450,May-07,122,0,122,99.1869918699
Mexico,Enduro 450,Jun-07,122,0,122,99.1869918699
Mexico,Enduro 450,Jul-07,122,0,122,99.1869918699
Mexico,Enduro 450,Aug-07,122,0,122,99.1869918699
Mexico,Enduro 450,Sep-07,122,0,122,99.1869918699
Mexico,Enduro 550,Jan-07,225,0,225,99.5575221239
Mexico,Enduro 550,Feb-07,225,0,225,99.5575221239
Mexico,Enduro 550,Mar-07,225,13,212,93.8053097345
Mexico,Enduro 550,Apr-07,225,42,183,80.9734513274
Mexico,Enduro 550,May-07,225,46,179,79.203539823
Mexico,Enduro 550,Jun-07,225,76,149,65.9292035398
Mexico,Enduro 550,Jul-07,225,108,117,51.7699115044
Mexico,Enduro 550,Aug-07,225,77,148,65.4867256637
Mexico,Enduro 550,Sep-07,225,119,106,46.9026548673
Mexico,CRX500,Jan-07,186,0,186,99.4652406417
Mexico,CRX500,Feb-07,186,0,186,99.4652406417
Mexico,CRX500,Mar-07,186,0,186,99.4652406417
Mexico,CRX500,Apr-07,186,0,186,99.4652406417
Mexico,CRX500,May-07,186,0,186,99.4652406417
Mexico,CRX500,Jun-07,186,0,186,99.4652406417
Mexico,CRX500,Jul-07,186,0,186,99.4652406417
Mexico,CRX500,Aug-07,186,0,186,99.4652406417
Mexico,CRX500,Sep-07,186,0,186,99.4652406417
Mexico,CRS550,Jan-07,187,187,0,0.0
Mexico,CRS550,Feb-07,187,187,0,0.0
Mexico,CRS550,Mar-07,187,187,0,0.0
Mexico,CRS550,Apr-07,187,187,0,0.0
Mexico,CRS550,May-07,187,187,0,0.0
Mexico,CRS550,Jun-07,187,187,0,0.0
Mexico,CRS550,Jul-07,187,187,0,0.0
Mexico,CRS550,Aug-07,187,187,0,0.0
Mexico,CRS550,Sep-07,187,187,0,0.0
Mexico,CRX600,Jan-07,64,0,64,98.4615384615
Mexico,CRX600,Feb-07,64,0,64,98.4615384615
Mexico,CRX600,Mar-07,64,0,64,98.4615384615
Mexico,CRX600,Apr-07,64,0,64,98.4615384615
Mexico,CRX600,May-07,64,0,64,98.4615384615
Mexico,CRX600,Jun-07,64,0,64,98.4615384615
Mexico,CRX600,Jul-07,64,0,64,98.4615384615
Mexico,CRX600,Aug-07,64,0,64,98.4615384615
Mexico,CRX600,Sep-07,64,0,64,98.4615384615
Mexico,CRX650,Jan-07,111,111,0,0.0
Mexico,CRX650,Feb-07,111,111,0,0.0
Mexico,CRX650,Mar-07,111,111,0,0.0
Mexico,CRX650,Apr-07,111,111,0,0.0
Mexico,CRX650,May-07,111,111,0,0.0
Mexico,CRX650,Jun-07,111,111,0,0.0
Mexico,CRX650,Jul-07,111,111,0,0.0
Mexico,CRX650,Aug-07,111,111,0,0.0
Mexico,CRX650,Sep-07,111,111,0,0.0
Toledo,200S,Jan-07,42,0,42,97.6744186047
Toledo,200S,Feb-07,42,0,42,97.6744186047
Toledo,200S,Mar-07,42,0,42,97.6744186047
Toledo,200S,Apr-07,42,0,42,97.6744186047
Toledo,200S,May-07,42,0,42,97.6744186047
Toledo,200S,Jun-07,42,0,42,97.6744186047
Toledo,200S,Jul-07,42,0,42,97.6744186047
Toledo,200S,Aug-07,42,0,42,97.6744186047
Toledo,200S,Sep-07,42,0,42,97.6744186047
Toledo,300S,Jan-07,121,121,0,0.0
Toledo,300S,Feb-07,121,121,0,0.0
Toledo,300S,Mar-07,121,121,0,0.0
Toledo,300S,Apr-07,121,117,4,3.27868852459
Toledo,300S,May-07,121,113,8,6.55737704918
Toledo,300S,Jun-07,121,96,25,20.4918032787
Toledo,300S,Jul-07,121,105,16,13.1147540984
Toledo,300S,Aug-07,121,80,41,33.606557377
Toledo,300S,Sep-07,121,85,36,29.5081967213
Toledo,600S,Jan-07,242,242,0,0.0
Toledo,600S,Feb-07,242,242,0,0.0
Toledo,600S,Mar-07,242,242,0,0.0
Toledo,600S,Apr-07,242,242,0,0.0
Toledo,600S,May-07,242,242,0,0.0
Toledo,600S,Jun-07,242,242,0,0.0
Toledo,600S,Jul-07,242,242,0,0.0
Toledo,600S,Aug-07,242,241,1,0.411522633745
Toledo,600S,Sep-07,242,242,0,0.0
Toledo,626S,Jan-07,216,82,134,61.7511520737
Toledo,626S,Feb-07,216,65,151,69.5852534562
Toledo,626S,Mar-07,216,72,144,66.3594470046
Toledo,626S,Apr-07,216,71,145,66.8202764977
Toledo,626S,May-07,216,74,142,65.4377880184
Toledo,626S,Jun-07,216,73,143,65.8986175115
Toledo,626S,Jul-07,216,84,132,60.8294930876
Toledo,626S,Aug-07,216,49,167,76.9585253456
Toledo,626S,Sep-07,216,68,148,68.202764977
Toledo,676S,Jan-07,103,0,103,99.0384615385
Toledo,676S,Feb-07,103,0,103,99.0384615385
Toledo,676S,Mar-07,103,0,103,99.0384615385
Toledo,676S,Apr-07,103,26,77,74.0384615385
Toledo,676S,May-07,103,73,30,28.8461538462
Toledo,676S,Jun-07,103,69,34,32.6923076923
Toledo,676S,Jul-07,103,85,18,17.3076923077
Toledo,676S,Aug-07,103,23,80,76.9230769231
Toledo,676S,Sep-07,103,65,38,36.5384615385
Toledo,676RS,Jan-07,263,31,232,87.8787878788
Toledo,676RS,Feb-07,263,92,171,64.7727272727
Toledo,676RS,Mar-07,263,46,217,82.196969697
Toledo,676RS,Apr-07,263,5,258,97.7272727273
Toledo,676RS,May-07,263,0,263,99.6212121212
Toledo,676RS,Jun-07,263,18,245,92.803030303
Toledo,676RS,Jul-07,263,31,232,87.8787878788
Toledo,676RS,Aug-07,263,24,239,90.5303030303
Toledo,676RS,Sep-07,263,71,192,72.7272727273
Toledo,900S,Jan-07,68,68,0,0.0
Toledo,900S,Feb-07,68,68,0,0.0
Toledo,900S,Mar-07,68,68,0,0.0
Toledo,900S,Apr-07,68,68,0,0.0
Toledo,900S,May-07,68,68,0,0.0
Toledo,900S,Jun-07,68,68,0,0.0
Toledo,900S,Jul-07,68,68,0,0.0
Toledo,900S,Aug-07,68,34,34,49.2753623188
Toledo,900S,Sep-07,68,68,0,0.0
Toledo,929S,Jan-07,74,0,74,98.6666666667
Toledo,929S,Feb-07,74,0,74,98.6666666667
Toledo,929S,Mar-07,74,0,74,98.6666666667
Toledo,929S,Apr-07,74,0,74,98.6666666667
Toledo,929S,May-07,74,0,74,98.6666666667
Toledo,929S,Jun-07,74,0,74,98.6666666667
Toledo,929S,Jul-07,74,0,74,98.6666666667
Toledo,929S,Aug-07,74,0,74,98.6666666667
Toledo,929S,Sep-07,74,0,74,98.6666666667
Toledo,996S,Jan-07,57,57,0,0.0
Toledo,996S,Feb-07,57,57,0,0.0
Toledo,996S,Mar-07,57,57,0,0.0
Toledo,996S,Apr-07,57,57,0,0.0
Toledo,996S,May-07,57,57,0,0.0
Toledo,996S,Jun-07,57,57,0,0.0
Toledo,996S,Jul-07,57,57,0,0.0
Toledo,996S,Aug-07,57,57,0,0.0
Toledo,996S,Sep-07,57,57,0,0.0
Toledo,996RS,Jan-07,255,0,255,99.609375
Toledo,996RS,Feb-07,255,0,255,99.609375
Toledo,996RS,Mar-07,255,0,255,99.609375
Toledo,996RS,Apr-07,255,0,255,99.609375
Toledo,996RS,May-07,255,0,255,99.609375
Toledo,996RS,Jun-07,255,0,255,99.609375
Toledo,996RS,Jul-07,255,0,255,99.609375
Toledo,996RS,Aug-07,255,0,255,99.609375
Toledo,996RS,Sep-07,255,0,255,99.609375
Toledo,RoadStar,Jan-07,173,0,173,99.4252873563
Toledo,RoadStar,Feb-07,173,0,173,99.4252873563
Toledo,RoadStar,Mar-07,173,0,173,99.4252873563
Toledo,RoadStar,Apr-07,173,0,173,99.4252873563
Toledo,RoadStar,May-07,173,0,173,99.4252873563
Toledo,RoadStar,Jun-07,173,0,173,99.4252873563
Toledo,RoadStar,Jul-07,173,0,173,99.4252873563
Toledo,RoadStar,Aug-07,173,0,173,99.4252873563
Toledo,RoadStar,Sep-07,173,0,173,99.4252873563
Toledo,RoadLiner,Jan-07,212,0,212,99.5305164319
Toledo,RoadLiner,Feb-07,212,0,212,99.5305164319
Toledo,RoadLiner,Mar-07,212,0,212,99.5305164319
Toledo,RoadLiner,Apr-07,212,0,212,99.5305164319
Toledo,RoadLiner,May-07,212,0,212,99.5305164319
Toledo,RoadLiner,Jun-07,212,0,212,99.5305164319
Toledo,RoadLiner,Jul-07,212,0,212,99.5305164319
Toledo,RoadLiner,Aug-07,212,0,212,99.5305164319
Toledo,RoadLiner,Sep-07,212,0,212,99.5305164319
Toledo,Victory,Jan-07,48,0,48,97.9591836735
Toledo,Victory,Feb-07,48,0,48,97.9591836735
Toledo,Victory,Mar-07,48,0,48,97.9591836735
Toledo,Victory,Apr-07,48,0,48,97.9591836735
Toledo,Victory,May-07,48,0,48,97.9591836735
Toledo,Victory,Jun-07,48,0,48,97.9591836735
Toledo,Victory,Jul-07,48,0,48,97.9591836735
Toledo,Victory,Aug-07,48,0,48,97.9591836735
Toledo,Victory,Sep-07,48,0,48,97.9591836735
Toledo,Boulevard,Jan-07,126,97,29,22.8346456693
Toledo,Boulevard,Feb-07,126,68,58,45.6692913386
Toledo,Boulevard,Mar-07,126,126,0,0.0
Toledo,Boulevard,Apr-07,126,122,4,3.14960629921
Toledo,Boulevard,May-07,126,126,0,0.0
Toledo,Boulevard,Jun-07,126,64,62,48.8188976378
Toledo,Boulevard,Jul-07,126,80,46,36.2204724409
Toledo,Boulevard,Aug-07,126,125,1,0.787401574803
Toledo,Boulevard,Sep-07,126,71,55,43.3070866142
Toledo,KingTwin,Jan-07,263,241,22,8.33333333333
Toledo,KingTwin,Feb-07,263,263,0,0.0
Toledo,KingTwin,Mar-07,263,263,0,0.0
Toledo,KingTwin,Apr-07,263,263,0,0.0
Toledo,KingTwin,May-07,263,263,0,0.0
Toledo,KingTwin,Jun-07,263,263,0,0.0
Toledo,KingTwin,Jul-07,263,262,1,0.378787878788
Toledo,KingTwin,Aug-07,263,263,0,0.0
Toledo,KingTwin,Sep-07,263,263,0,0.0
Toledo,MegaTwin,Jan-07,258,68,190,73.3590733591
Toledo,MegaTwin,Feb-07,258,90,168,64.8648648649
Toledo,MegaTwin,Mar-07,258,140,118,45.5598455598
Toledo,MegaTwin,Apr-07,258,151,107,41.3127413127
Toledo,MegaTwin,May-07,258,180,78,30.1158301158
Toledo,MegaTwin,Jun-07,258,247,11,4.2471042471
Toledo,MegaTwin,Jul-07,258,167,91,35.1351351351
Toledo,MegaTwin,Aug-07,258,102,156,60.2316602317
Toledo,MegaTwin,Sep-07,258,258,0,0.0
Toledo,ST900,Jan-07,179,137,42,23.3333333333
Toledo,ST900,Feb-07,179,129,50,27.7777777778
Toledo,ST900,Mar-07,179,104,75,41.6666666667
Toledo,ST900,Apr-07,179,100,79,43.8888888889
Toledo,ST900,May-07,179,75,104,57.7777777778
Toledo,ST900,Jun-07,179,67,112,62.2222222222
Toledo,ST900,Jul-07,179,61,118,65.5555555556
Toledo,ST900,Aug-07,179,46,133,73.8888888889
Toledo,ST900,Sep-07,179,29,150,83.3333333333
Toledo,ST1200,Jan-07,95,95,0,0.0
Toledo,ST1200,Feb-07,95,95,0,0.0
Toledo,ST1200,Mar-07,95,95,0,0.0
Toledo,ST1200,Apr-07,95,95,0,0.0
Toledo,ST1200,May-07,95,95,0,0.0
Toledo,ST1200,Jun-07,95,95,0,0.0
Toledo,ST1200,Jul-07,95,95,0,0.0
Toledo,ST1200,Aug-07,95,95,0,0.0
Toledo,ST1200,Sep-07,95,95,0,0.0
Toledo,ST1200R,Jan-07,216,169,47,21.6589861751
Toledo,ST1200R,Feb-07,216,164,52,23.9631336406
Toledo,ST1200R,Mar-07,216,187,29,13.3640552995
Toledo,ST1200R,Apr-07,216,213,3,1.38248847926
Toledo,ST1200R,May-07,216,211,5,2.30414746544
Toledo,ST1200R,Jun-07,216,215,1,0.460829493088
Toledo,ST1200R,Jul-07,216,216,0,0.0
Toledo,ST1200R,Aug-07,216,216,0,0.0
Toledo,ST1200R,Sep-07,216,190,26,11.9815668203
Toledo,Bandit 900,Jan-07,237,0,237,99.5798319328
Toledo,Bandit 900,Feb-07,237,0,237,99.5798319328
Toledo,Bandit 900,Mar-07,237,0,237,99.5798319328
Toledo,Bandit 900,Apr-07,237,0,237,99.5798319328
Toledo,Bandit 900,May-07,237,0,237,99.5798319328
Toledo,Bandit 900,Jun-07,237,0,237,99.5798319328
Toledo,Bandit 900,Jul-07,237,0,237,99.5798319328
Toledo,Bandit 900,Aug-07,237,0,237,99.5798319328
Toledo,Bandit 900,Sep-07,237,0,237,99.5798319328
Toledo,Bandit 1200,Jan-07,112,111,1,0.884955752212
Toledo,Bandit 1200,Feb-07,112,112,0,0.0
Toledo,Bandit 1200,Mar-07,112,112,0,0.0
Toledo,Bandit 1200,Apr-07,112,112,0,0.0
Toledo,Bandit 1200,May-07,112,112,0,0.0
Toledo,Bandit 1200,Jun-07,112,112,0,0.0
Toledo,Bandit 1200,Jul-07,112,112,0,0.0
Toledo,Bandit 1200,Aug-07,112,112,0,0.0
Toledo,Bandit 1200,Sep-07,112,112,0,0.0
Toledo,Bandit 1200S,Jan-07,112,112,0,0.0
Toledo,Bandit 1200S,Feb-07,112,112,0,0.0
Toledo,Bandit 1200S,Mar-07,112,112,0,0.0
Toledo,Bandit 1200S,Apr-07,112,112,0,0.0
Toledo,Bandit 1200S,May-07,112,112,0,0.0
Toledo,Bandit 1200S,Jun-07,112,112,0,0.0
Toledo,Bandit 1200S,Jul-07,112,112,0,0.0
Toledo,Bandit 1200S,Aug-07,112,112,0,0.0
Toledo,Bandit 1200S,Sep-07,112,112,0,0.0
Toledo,Enduro 350,Jan-07,183,95,88,47.8260869565
Toledo,Enduro 350,Feb-07,183,60,123,66.847826087
Toledo,Enduro 350,Mar-07,183,48,135,73.3695652174
Toledo,Enduro 350,Apr-07,183,49,134,72.8260869565
Toledo,Enduro 350,May-07,183,22,161,87.5
Toledo,Enduro 350,Jun-07,183,0,183,99.4565217391
Toledo,Enduro 350,Jul-07,183,0,183,99.4565217391
Toledo,Enduro 350,Aug-07,183,0,183,99.4565217391
Toledo,Enduro 350,Sep-07,183,0,183,99.4565217391
Toledo,Enduro 450,Jan-07,118,0,118,99.1596638655
Toledo,Enduro 450,Feb-07,118,0,118,99.1596638655
Toledo,Enduro 450,Mar-07,118,0,118,99.1596638655
Toledo,Enduro 450,Apr-07,118,0,118,99.1596638655
Toledo,Enduro 450,May-07,118,0,118,99.1596638655
Toledo,Enduro 450,Jun-07,118,0,118,99.1596638655
Toledo,Enduro 450,Jul-07,118,0,118,99.1596638655
Toledo,Enduro 450,Aug-07,118,0,118,99.1596638655
Toledo,Enduro 450,Sep-07,118,0,118,99.1596638655
Toledo,Enduro 550,Jan-07,267,255,12,4.4776119403
Toledo,Enduro 550,Feb-07,267,267,0,0.0
Toledo,Enduro 550,Mar-07,267,267,0,0.0
Toledo,Enduro 550,Apr-07,267,267,0,0.0
Toledo,Enduro 550,May-07,267,267,0,0.0
Toledo,Enduro 550,Jun-07,267,267,0,0.0
Toledo,Enduro 550,Jul-07,267,267,0,0.0
Toledo,Enduro 550,Aug-07,267,267,0,0.0
Toledo,Enduro 550,Sep-07,267,267,0,0.0
Toledo,CRX500,Jan-07,195,72,123,62.7551020408
Toledo,CRX500,Feb-07,195,57,138,70.4081632653
Toledo,CRX500,Mar-07,195,11,184,93.8775510204
Toledo,CRX500,Apr-07,195,3,192,97.9591836735
Toledo,CRX500,May-07,195,2,193,98.4693877551
Toledo,CRX500,Jun-07,195,0,195,99.4897959184
Toledo,CRX500,Jul-07,195,0,195,99.4897959184
Toledo,CRX500,Aug-07,195,0,195,99.4897959184
Toledo,CRX500,Sep-07,195,0,195,99.4897959184
Toledo,CRS550,Jan-07,129,0,129,99.2307692308
Toledo,CRS550,Feb-07,129,0,129,99.2307692308
Toledo,CRS550,Mar-07,129,0,129,99.2307692308
Toledo,CRS550,Apr-07,129,0,129,99.2307692308
Toledo,CRS550,May-07,129,0,129,99.2307692308
Toledo,CRS550,Jun-07,129,0,129,99.2307692308
Toledo,CRS550,Jul-07,129,0,129,99.2307692308
Toledo,CRS550,Aug-07,129,0,129,99.2307692308
Toledo,CRS550,Sep-07,129,0,129,99.2307692308
Toledo,CRX600,Jan-07,143,0,143,99.3055555556
Toledo,CRX600,Feb-07,143,0,143,99.3055555556
Toledo,CRX600,Mar-07,143,0,143,99.3055555556
Toledo,CRX600,Apr-07,143,0,143,99.3055555556
Toledo,CRX600,May-07,143,0,143,99.3055555556
Toledo,CRX600,Jun-07,143,0,143,99.3055555556
Toledo,CRX600,Jul-07,143,0,143,99.3055555556
Toledo,CRX600,Aug-07,143,0,143,99.3055555556
Toledo,CRX600,Sep-07,143,0,143,99.3055555556
Toledo,CRX650,Jan-07,104,104,0,0.0
Toledo,CRX650,Feb-07,104,104,0,0.0
Toledo,CRX650,Mar-07,104,104,0,0.0
Toledo,CRX650,Apr-07,104,104,0,0.0
Toledo,CRX650,May-07,104,104,0,0.0
Toledo,CRX650,Jun-07,104,104,0,0.0
Toledo,CRX650,Jul-07,104,104,0,0.0
Toledo,CRX650,Aug-07,104,104,0,0.0
Toledo,CRX650,Sep-07,104,104,0,0.0
Bucarest,200S,Jan-07,210,209,1,0.473933649289
Bucarest,200S,Feb-07,210,168,42,19.9052132701
Bucarest,200S,Mar-07,210,134,76,36.018957346
Bucarest,200S,Apr-07,210,181,29,13.7440758294
Bucarest,200S,May-07,210,162,48,22.7488151659
Bucarest,200S,Jun-07,210,146,64,30.3317535545
Bucarest,200S,Jul-07,210,142,68,32.2274881517
Bucarest,200S,Aug-07,210,95,115,54.5023696682
Bucarest,200S,Sep-07,210,107,103,48.8151658768
Bucarest,300S,Jan-07,84,84,0,0.0
Bucarest,300S,Feb-07,84,84,0,0.0
Bucarest,300S,Mar-07,84,84,0,0.0
Bucarest,300S,Apr-07,84,84,0,0.0
Bucarest,300S,May-07,84,84,0,0.0
Bucarest,300S,Jun-07,84,84,0,0.0
Bucarest,300S,Jul-07,84,84,0,0.0
Bucarest,300S,Aug-07,84,84,0,0.0
Bucarest,300S,Sep-07,84,84,0,0.0
Bucarest,600S,Jan-07,251,251,0,0.0
Bucarest,600S,Feb-07,251,251,0,0.0
Bucarest,600S,Mar-07,251,251,0,0.0
Bucarest,600S,Apr-07,251,251,0,0.0
Bucarest,600S,May-07,251,251,0,0.0
Bucarest,600S,Jun-07,251,251,0,0.0
Bucarest,600S,Jul-07,251,251,0,0.0
Bucarest,600S,Aug-07,251,251,0,0.0
Bucarest,600S,Sep-07,251,251,0,0.0
Bucarest,626S,Jan-07,195,0,195,99.4897959184
Bucarest,626S,Feb-07,195,0,195,99.4897959184
Bucarest,626S,Mar-07,195,0,195,99.4897959184
Bucarest,626S,Apr-07,195,0,195,99.4897959184
Bucarest,626S,May-07,195,0,195,99.4897959184
Bucarest,626S,Jun-07,195,0,195,99.4897959184
Bucarest,626S,Jul-07,195,0,195,99.4897959184
Bucarest,626S,Aug-07,195,0,195,99.4897959184
Bucarest,626S,Sep-07,195,0,195,99.4897959184
Bucarest,676S,Jan-07,97,0,97,98.9795918367
Bucarest,676S,Feb-07,97,0,97,98.9795918367
Bucarest,676S,Mar-07,97,0,97,98.9795918367
Bucarest,676S,Apr-07,97,0,97,98.9795918367
Bucarest,676S,May-07,97,0,97,98.9795918367
Bucarest,676S,Jun-07,97,0,97,98.9795918367
Bucarest,676S,Jul-07,97,0,97,98.9795918367
Bucarest,676S,Aug-07,97,0,97,98.9795918367
Bucarest,676S,Sep-07,97,0,97,98.9795918367
Bucarest,676RS,Jan-07,152,152,0,0.0
Bucarest,676RS,Feb-07,152,152,0,0.0
Bucarest,676RS,Mar-07,152,152,0,0.0
Bucarest,676RS,Apr-07,152,152,0,0.0
Bucarest,676RS,May-07,152,152,0,0.0
Bucarest,676RS,Jun-07,152,152,0,0.0
Bucarest,676RS,Jul-07,152,152,0,0.0
Bucarest,676RS,Aug-07,152,152,0,0.0
Bucarest,676RS,Sep-07,152,152,0,0.0
Bucarest,900S,Jan-07,214,114,100,46.511627907
Bucarest,900S,Feb-07,214,126,88,40.9302325581
Bucarest,900S,Mar-07,214,157,57,26.511627907
Bucarest,900S,Apr-07,214,97,117,54.4186046512
Bucarest,900S,May-07,214,67,147,68.3720930233
Bucarest,900S,Jun-07,214,25,189,87.9069767442
Bucarest,900S,Jul-07,214,26,188,87.4418604651
Bucarest,900S,Aug-07,214,0,214,99.5348837209
Bucarest,900S,Sep-07,214,35,179,83.2558139535
Bucarest,929S,Jan-07,267,267,0,0.0
Bucarest,929S,Feb-07,267,267,0,0.0
Bucarest,929S,Mar-07,267,267,0,0.0
Bucarest,929S,Apr-07,267,267,0,0.0
Bucarest,929S,May-07,267,267,0,0.0
Bucarest,929S,Jun-07,267,267,0,0.0
Bucarest,929S,Jul-07,267,267,0,0.0
Bucarest,929S,Aug-07,267,267,0,0.0
Bucarest,929S,Sep-07,267,267,0,0.0
Bucarest,996S,Jan-07,44,44,0,0.0
Bucarest,996S,Feb-07,44,44,0,0.0
Bucarest,996S,Mar-07,44,44,0,0.0
Bucarest,996S,Apr-07,44,44,0,0.0
Bucarest,996S,May-07,44,44,0,0.0
Bucarest,996S,Jun-07,44,44,0,0.0
Bucarest,996S,Jul-07,44,44,0,0.0
Bucarest,996S,Aug-07,44,44,0,0.0
Bucarest,996S,Sep-07,44,44,0,0.0
Bucarest,996RS,Jan-07,151,105,46,30.2631578947
Bucarest,996RS,Feb-07,151,126,25,16.4473684211
Bucarest,996RS,Mar-07,151,117,34,22.3684210526
Bucarest,996RS,Apr-07,151,126,25,16.4473684211
Bucarest,996RS,May-07,151,151,0,0.0
Bucarest,996RS,Jun-07,151,151,0,0.0
Bucarest,996RS,Jul-07,151,151,0,0.0
Bucarest,996RS,Aug-07,151,151,0,0.0
Bucarest,996RS,Sep-07,151,151,0,0.0
Bucarest,RoadStar,Jan-07,150,0,150,99.3377483444
Bucarest,RoadStar,Feb-07,150,0,150,99.3377483444
Bucarest,RoadStar,Mar-07,150,0,150,99.3377483444
Bucarest,RoadStar,Apr-07,150,0,150,99.3377483444
Bucarest,RoadStar,May-07,150,0,150,99.3377483444
Bucarest,RoadStar,Jun-07,150,0,150,99.3377483444
Bucarest,RoadStar,Jul-07,150,0,150,99.3377483444
Bucarest,RoadStar,Aug-07,150,0,150,99.3377483444
Bucarest,RoadStar,Sep-07,150,0,150,99.3377483444
Bucarest,RoadLiner,Jan-07,65,1,64,96.9696969697
Bucarest,RoadLiner,Feb-07,65,0,65,98.4848484848
Bucarest,RoadLiner,Mar-07,65,0,65,98.4848484848
Bucarest,RoadLiner,Apr-07,65,0,65,98.4848484848
Bucarest,RoadLiner,May-07,65,0,65,98.4848484848
Bucarest,RoadLiner,Jun-07,65,0,65,98.4848484848
Bucarest,RoadLiner,Jul-07,65,0,65,98.4848484848
Bucarest,RoadLiner,Aug-07,65,0,65,98.4848484848
Bucarest,RoadLiner,Sep-07,65,0,65,98.4848484848
Bucarest,Victory,Jan-07,274,106,168,61.0909090909
Bucarest,Victory,Feb-07,274,86,188,68.3636363636
Bucarest,Victory,Mar-07,274,79,195,70.9090909091
Bucarest,Victory,Apr-07,274,91,183,66.5454545455
Bucarest,Victory,May-07,274,102,172,62.5454545455
Bucarest,Victory,Jun-07,274,91,183,66.5454545455
Bucarest,Victory,Jul-07,274,75,199,72.3636363636
Bucarest,Victory,Aug-07,274,60,214,77.8181818182
Bucarest,Victory,Sep-07,274,65,209,76.0
Bucarest,Boulevard,Jan-07,173,137,36,20.6896551724
Bucarest,Boulevard,Feb-07,173,173,0,0.0
Bucarest,Boulevard,Mar-07,173,129,44,25.2873563218
Bucarest,Boulevard,Apr-07,173,99,74,42.5287356322
Bucarest,Boulevard,May-07,173,110,63,36.2068965517
Bucarest,Boulevard,Jun-07,173,173,0,0.0
Bucarest,Boulevard,Jul-07,173,173,0,0.0
Bucarest,Boulevard,Aug-07,173,103,70,40.2298850575
Bucarest,Boulevard,Sep-07,173,173,0,0.0
Bucarest,KingTwin,Jan-07,190,190,0,0.0
Bucarest,KingTwin,Feb-07,190,190,0,0.0
Bucarest,KingTwin,Mar-07,190,190,0,0.0
Bucarest,KingTwin,Apr-07,190,190,0,0.0
Bucarest,KingTwin,May-07,190,190,0,0.0
Bucarest,KingTwin,Jun-07,190,190,0,0.0
Bucarest,KingTwin,Jul-07,190,190,0,0.0
Bucarest,KingTwin,Aug-07,190,190,0,0.0
Bucarest,KingTwin,Sep-07,190,190,0,0.0
Bucarest,MegaTwin,Jan-07,163,163,0,0.0
Bucarest,MegaTwin,Feb-07,163,163,0,0.0
Bucarest,MegaTwin,Mar-07,163,163,0,0.0
Bucarest,MegaTwin,Apr-07,163,163,0,0.0
Bucarest,MegaTwin,May-07,163,163,0,0.0
Bucarest,MegaTwin,Jun-07,163,163,0,0.0
Bucarest,MegaTwin,Jul-07,163,163,0,0.0
Bucarest,MegaTwin,Aug-07,163,163,0,0.0
Bucarest,MegaTwin,Sep-07,163,163,0,0.0
Bucarest,ST900,Jan-07,216,0,216,99.5391705069
Bucarest,ST900,Feb-07,216,0,216,99.5391705069
Bucarest,ST900,Mar-07,216,0,216,99.5391705069
Bucarest,ST900,Apr-07,216,0,216,99.5391705069
Bucarest,ST900,May-07,216,0,216,99.5391705069
Bucarest,ST900,Jun-07,216,0,216,99.5391705069
Bucarest,ST900,Jul-07,216,0,216,99.5391705069
Bucarest,ST900,Aug-07,216,0,216,99.5391705069
Bucarest,ST900,Sep-07,216,0,216,99.5391705069
Bucarest,ST1200,Jan-07,204,204,0,0.0
Bucarest,ST1200,Feb-07,204,204,0,0.0
Bucarest,ST1200,Mar-07,204,204,0,0.0
Bucarest,ST1200,Apr-07,204,204,0,0.0
Bucarest,ST1200,May-07,204,204,0,0.0
Bucarest,ST1200,Jun-07,204,204,0,0.0
Bucarest,ST1200,Jul-07,204,204,0,0.0
Bucarest,ST1200,Aug-07,204,204,0,0.0
Bucarest,ST1200,Sep-07,204,204,0,0.0
Bucarest,ST1200R,Jan-07,207,0,207,99.5192307692
Bucarest,ST1200R,Feb-07,207,0,207,99.5192307692
Bucarest,ST1200R,Mar-07,207,0,207,99.5192307692
Bucarest,ST1200R,Apr-07,207,0,207,99.5192307692
Bucarest,ST1200R,May-07,207,0,207,99.5192307692
Bucarest,ST1200R,Jun-07,207,0,207,99.5192307692
Bucarest,ST1200R,Jul-07,207,0,207,99.5192307692
Bucarest,ST1200R,Aug-07,207,0,207,99.5192307692
Bucarest,ST1200R,Sep-07,207,0,207,99.5192307692
Bucarest,Bandit 900,Jan-07,268,0,268,99.6282527881
Bucarest,Bandit 900,Feb-07,268,0,268,99.6282527881
Bucarest,Bandit 900,Mar-07,268,0,268,99.6282527881
Bucarest,Bandit 900,Apr-07,268,0,268,99.6282527881
Bucarest,Bandit 900,May-07,268,0,268,99.6282527881
Bucarest,Bandit 900,Jun-07,268,0,268,99.6282527881
Bucarest,Bandit 900,Jul-07,268,0,268,99.6282527881
Bucarest,Bandit 900,Aug-07,268,0,268,99.6282527881
Bucarest,Bandit 900,Sep-07,268,0,268,99.6282527881
Bucarest,Bandit 1200,Jan-07,201,201,0,0.0
Bucarest,Bandit 1200,Feb-07,201,200,1,0.49504950495
Bucarest,Bandit 1200,Mar-07,201,201,0,0.0
Bucarest,Bandit 1200,Apr-07,201,201,0,0.0
Bucarest,Bandit 1200,May-07,201,86,115,56.9306930693
Bucarest,Bandit 1200,Jun-07,201,129,72,35.6435643564
Bucarest,Bandit 1200,Jul-07,201,201,0,0.0
Bucarest,Bandit 1200,Aug-07,201,151,50,24.7524752475
Bucarest,Bandit 1200,Sep-07,201,201,0,0.0
Bucarest,Bandit 1200S,Jan-07,40,40,0,0.0
Bucarest,Bandit 1200S,Feb-07,40,40,0,0.0
Bucarest,Bandit 1200S,Mar-07,40,40,0,0.0
Bucarest,Bandit 1200S,Apr-07,40,1,39,95.1219512195
Bucarest,Bandit 1200S,May-07,40,40,0,0.0
Bucarest,Bandit 1200S,Jun-07,40,40,0,0.0
Bucarest,Bandit 1200S,Jul-07,40,40,0,0.0
Bucarest,Bandit 1200S,Aug-07,40,0,40,97.5609756098
Bucarest,Bandit 1200S,Sep-07,40,40,0,0.0
Bucarest,Enduro 350,Jan-07,221,221,0,0.0
Bucarest,Enduro 350,Feb-07,221,221,0,0.0
Bucarest,Enduro 350,Mar-07,221,221,0,0.0
Bucarest,Enduro 350,Apr-07,221,221,0,0.0
Bucarest,Enduro 350,May-07,221,221,0,0.0
Bucarest,Enduro 350,Jun-07,221,221,0,0.0
Bucarest,Enduro 350,Jul-07,221,201,20,9.00900900901
Bucarest,Enduro 350,Aug-07,221,172,49,22.0720720721
Bucarest,Enduro 350,Sep-07,221,198,23,10.3603603604
Bucarest,Enduro 450,Jan-07,223,0,223,99.5535714286
Bucarest,Enduro 450,Feb-07,223,0,223,99.5535714286
Bucarest,Enduro 450,Mar-07,223,0,223,99.5535714286
Bucarest,Enduro 450,Apr-07,223,0,223,99.5535714286
Bucarest,Enduro 450,May-07,223,0,223,99.5535714286
Bucarest,Enduro 450,Jun-07,223,0,223,99.5535714286
Bucarest,Enduro 450,Jul-07,223,0,223,99.5535714286
Bucarest,Enduro 450,Aug-07,223,0,223,99.5535714286
Bucarest,Enduro 450,Sep-07,223,0,223,99.5535714286
Bucarest,Enduro 550,Jan-07,193,193,0,0.0
Bucarest,Enduro 550,Feb-07,193,193,0,0.0
Bucarest,Enduro 550,Mar-07,193,193,0,0.0
Bucarest,Enduro 550,Apr-07,193,193,0,0.0
Bucarest,Enduro 550,May-07,193,193,0,0.0
Bucarest,Enduro 550,Jun-07,193,193,0,0.0
Bucarest,Enduro 550,Jul-07,193,193,0,0.0
Bucarest,Enduro 550,Aug-07,193,193,0,0.0
Bucarest,Enduro 550,Sep-07,193,193,0,0.0
Bucarest,CRX500,Jan-07,126,0,126,99.2125984252
Bucarest,CRX500,Feb-07,126,0,126,99.2125984252
Bucarest,CRX500,Mar-07,126,0,126,99.2125984252
Bucarest,CRX500,Apr-07,126,0,126,99.2125984252
Bucarest,CRX500,May-07,126,0,126,99.2125984252
Bucarest,CRX500,Jun-07,126,0,126,99.2125984252
Bucarest,CRX500,Jul-07,126,0,126,99.2125984252
Bucarest,CRX500,Aug-07,126,0,126,99.2125984252
Bucarest,CRX500,Sep-07,126,0,126,99.2125984252
Bucarest,CRS550,Jan-07,66,66,0,0.0
Bucarest,CRS550,Feb-07,66,66,0,0.0
Bucarest,CRS550,Mar-07,66,66,0,0.0
Bucarest,CRS550,Apr-07,66,66,0,0.0
Bucarest,CRS550,May-07,66,66,0,0.0
Bucarest,CRS550,Jun-07,66,66,0,0.0
Bucarest,CRS550,Jul-07,66,66,0,0.0
Bucarest,CRS550,Aug-07,66,66,0,0.0
Bucarest,CRS550,Sep-07,66,66,0,0.0
Bucarest,CRX600,Jan-07,241,241,0,0.0
Bucarest,CRX600,Feb-07,241,241,0,0.0
Bucarest,CRX600,Mar-07,241,241,0,0.0
Bucarest,CRX600,Apr-07,241,241,0,0.0
Bucarest,CRX600,May-07,241,241,0,0.0
Bucarest,CRX600,Jun-07,241,241,0,0.0
Bucarest,CRX600,Jul-07,241,241,0,0.0
Bucarest,CRX600,Aug-07,241,241,0,0.0
Bucarest,CRX600,Sep-07,241,241,0,0.0
Bucarest,CRX650,Jan-07,218,38,180,82.1917808219
Bucarest,CRX650,Feb-07,218,47,171,78.0821917808
Bucarest,CRX650,Mar-07,218,70,148,67.5799086758
Bucarest,CRX650,Apr-07,218,149,69,31.5068493151
Bucarest,CRX650,May-07,218,218,0,0.0
Bucarest,CRX650,Jun-07,218,199,19,8.67579908676
Bucarest,CRX650,Jul-07,218,181,37,16.8949771689
Bucarest,CRX650,Aug-07,218,122,96,43.8356164384
Bucarest,CRX650,Sep-07,218,193,25,11.4155251142
Shanghai,200S,Jan-07,129,129,0,0.0
Shanghai,200S,Feb-07,129,129,0,0.0
Shanghai,200S,Mar-07,129,129,0,0.0
Shanghai,200S,Apr-07,129,129,0,0.0
Shanghai,200S,May-07,129,129,0,0.0
Shanghai,200S,Jun-07,129,129,0,0.0
Shanghai,200S,Jul-07,129,129,0,0.0
Shanghai,200S,Aug-07,129,129,0,0.0
Shanghai,200S,Sep-07,129,129,0,0.0
Shanghai,300S,Jan-07,119,0,119,99.1666666667
Shanghai,300S,Feb-07,119,2,117,97.5
Shanghai,300S,Mar-07,119,10,109,90.8333333333
Shanghai,300S,Apr-07,119,0,119,99.1666666667
Shanghai,300S,May-07,119,0,119,99.1666666667
Shanghai,300S,Jun-07,119,0,119,99.1666666667
Shanghai,300S,Jul-07,119,0,119,99.1666666667
Shanghai,300S,Aug-07,119,0,119,99.1666666667
Shanghai,300S,Sep-07,119,0,119,99.1666666667
Shanghai,600S,Jan-07,113,113,0,0.0
Shanghai,600S,Feb-07,113,113,0,0.0
Shanghai,600S,Mar-07,113,113,0,0.0
Shanghai,600S,Apr-07,113,113,0,0.0
Shanghai,600S,May-07,113,113,0,0.0
Shanghai,600S,Jun-07,113,113,0,0.0
Shanghai,600S,Jul-07,113,113,0,0.0
Shanghai,600S,Aug-07,113,113,0,0.0
Shanghai,600S,Sep-07,113,113,0,0.0
Shanghai,626S,Jan-07,265,0,265,99.6240601504
Shanghai,626S,Feb-07,265,15,250,93.984962406
Shanghai,626S,Mar-07,265,0,265,99.6240601504
Shanghai,626S,Apr-07,265,0,265,99.6240601504
Shanghai,626S,May-07,265,2,263,98.8721804511
Shanghai,626S,Jun-07,265,0,265,99.6240601504
Shanghai,626S,Jul-07,265,1,264,99.2481203008
Shanghai,626S,Aug-07,265,14,251,94.3609022556
Shanghai,626S,Sep-07,265,35,230,86.4661654135
Shanghai,676S,Jan-07,196,196,0,0.0
Shanghai,676S,Feb-07,196,196,0,0.0
Shanghai,676S,Mar-07,196,196,0,0.0
Shanghai,676S,Apr-07,196,196,0,0.0
Shanghai,676S,May-07,196,196,0,0.0
Shanghai,676S,Jun-07,196,196,0,0.0
Shanghai,676S,Jul-07,196,196,0,0.0
Shanghai,676S,Aug-07,196,196,0,0.0
Shanghai,676S,Sep-07,196,196,0,0.0
Shanghai,676RS,Jan-07,36,36,0,0.0
Shanghai,676RS,Feb-07,36,36,0,0.0
Shanghai,676RS,Mar-07,36,36,0,0.0
Shanghai,676RS,Apr-07,36,36,0,0.0
Shanghai,676RS,May-07,36,36,0,0.0
Shanghai,676RS,Jun-07,36,36,0,0.0
Shanghai,676RS,Jul-07,36,36,0,0.0
Shanghai,676RS,Aug-07,36,36,0,0.0
Shanghai,676RS,Sep-07,36,36,0,0.0
Shanghai,900S,Jan-07,227,227,0,0.0
Shanghai,900S,Feb-07,227,227,0,0.0
Shanghai,900S,Mar-07,227,227,0,0.0
Shanghai,900S,Apr-07,227,227,0,0.0
Shanghai,900S,May-07,227,227,0,0.0
Shanghai,900S,Jun-07,227,227,0,0.0
Shanghai,900S,Jul-07,227,227,0,0.0
Shanghai,900S,Aug-07,227,227,0,0.0
Shanghai,900S,Sep-07,227,227,0,0.0
Shanghai,929S,Jan-07,118,118,0,0.0
Shanghai,929S,Feb-07,118,118,0,0.0
Shanghai,929S,Mar-07,118,118,0,0.0
Shanghai,929S,Apr-07,118,118,0,0.0
Shanghai,929S,May-07,118,118,0,0.0
Shanghai,929S,Jun-07,118,118,0,0.0
Shanghai,929S,Jul-07,118,118,0,0.0
Shanghai,929S,Aug-07,118,118,0,0.0
Shanghai,929S,Sep-07,118,118,0,0.0
Shanghai,996S,Jan-07,31,31,0,0.0
Shanghai,996S,Feb-07,31,31,0,0.0
Shanghai,996S,Mar-07,31,31,0,0.0
Shanghai,996S,Apr-07,31,31,0,0.0
Shanghai,996S,May-07,31,31,0,0.0
Shanghai,996S,Jun-07,31,31,0,0.0
Shanghai,996S,Jul-07,31,31,0,0.0
Shanghai,996S,Aug-07,31,31,0,0.0
Shanghai,996S,Sep-07,31,31,0,0.0
Shanghai,996RS,Jan-07,114,114,0,0.0
Shanghai,996RS,Feb-07,114,114,0,0.0
Shanghai,996RS,Mar-07,114,114,0,0.0
Shanghai,996RS,Apr-07,114,114,0,0.0
Shanghai,996RS,May-07,114,114,0,0.0
Shanghai,996RS,Jun-07,114,114,0,0.0
Shanghai,996RS,Jul-07,114,114,0,0.0
Shanghai,996RS,Aug-07,114,114,0,0.0
Shanghai,996RS,Sep-07,114,114,0,0.0
Shanghai,RoadStar,Jan-07,69,69,0,0.0
Shanghai,RoadStar,Feb-07,69,69,0,0.0
Shanghai,RoadStar,Mar-07,69,69,0,0.0
Shanghai,RoadStar,Apr-07,69,69,0,0.0
Shanghai,RoadStar,May-07,69,69,0,0.0
Shanghai,RoadStar,Jun-07,69,69,0,0.0
Shanghai,RoadStar,Jul-07,69,69,0,0.0
Shanghai,RoadStar,Aug-07,69,69,0,0.0
Shanghai,RoadStar,Sep-07,69,69,0,0.0
Shanghai,RoadLiner,Jan-07,31,31,0,0.0
Shanghai,RoadLiner,Feb-07,31,31,0,0.0
Shanghai,RoadLiner,Mar-07,31,31,0,0.0
Shanghai,RoadLiner,Apr-07,31,31,0,0.0
Shanghai,RoadLiner,May-07,31,31,0,0.0
Shanghai,RoadLiner,Jun-07,31,31,0,0.0
Shanghai,RoadLiner,Jul-07,31,31,0,0.0
Shanghai,RoadLiner,Aug-07,31,31,0,0.0
Shanghai,RoadLiner,Sep-07,31,31,0,0.0
Shanghai,Victory,Jan-07,211,211,0,0.0
Shanghai,Victory,Feb-07,211,211,0,0.0
Shanghai,Victory,Mar-07,211,211,0,0.0
Shanghai,Victory,Apr-07,211,211,0,0.0
Shanghai,Victory,May-07,211,211,0,0.0
Shanghai,Victory,Jun-07,211,211,0,0.0
Shanghai,Victory,Jul-07,211,211,0,0.0
Shanghai,Victory,Aug-07,211,211,0,0.0
Shanghai,Victory,Sep-07,211,211,0,0.0
Shanghai,Boulevard,Jan-07,168,168,0,0.0
Shanghai,Boulevard,Feb-07,168,168,0,0.0
Shanghai,Boulevard,Mar-07,168,168,0,0.0
Shanghai,Boulevard,Apr-07,168,168,0,0.0
Shanghai,Boulevard,May-07,168,168,0,0.0
Shanghai,Boulevard,Jun-07,168,168,0,0.0
Shanghai,Boulevard,Jul-07,168,168,0,0.0
Shanghai,Boulevard,Aug-07,168,168,0,0.0
Shanghai,Boulevard,Sep-07,168,168,0,0.0
Shanghai,KingTwin,Jan-07,146,0,146,99.3197278912
Shanghai,KingTwin,Feb-07,146,8,138,93.8775510204
Shanghai,KingTwin,Mar-07,146,16,130,88.4353741497
Shanghai,KingTwin,Apr-07,146,12,134,91.156462585
Shanghai,KingTwin,May-07,146,24,122,82.9931972789
Shanghai,KingTwin,Jun-07,146,0,146,99.3197278912
Shanghai,KingTwin,Jul-07,146,32,114,77.5510204082
Shanghai,KingTwin,Aug-07,146,0,146,99.3197278912
Shanghai,KingTwin,Sep-07,146,0,146,99.3197278912
Shanghai,MegaTwin,Jan-07,102,102,0,0.0
Shanghai,MegaTwin,Feb-07,102,102,0,0.0
Shanghai,MegaTwin,Mar-07,102,102,0,0.0
Shanghai,MegaTwin,Apr-07,102,102,0,0.0
Shanghai,MegaTwin,May-07,102,102,0,0.0
Shanghai,MegaTwin,Jun-07,102,102,0,0.0
Shanghai,MegaTwin,Jul-07,102,102,0,0.0
Shanghai,MegaTwin,Aug-07,102,102,0,0.0
Shanghai,MegaTwin,Sep-07,102,102,0,0.0
Shanghai,ST900,Jan-07,229,0,229,99.5652173913
Shanghai,ST900,Feb-07,229,0,229,99.5652173913
Shanghai,ST900,Mar-07,229,0,229,99.5652173913
Shanghai,ST900,Apr-07,229,0,229,99.5652173913
Shanghai,ST900,May-07,229,0,229,99.5652173913
Shanghai,ST900,Jun-07,229,0,229,99.5652173913
Shanghai,ST900,Jul-07,229,0,229,99.5652173913
Shanghai,ST900,Aug-07,229,0,229,99.5652173913
Shanghai,ST900,Sep-07,229,0,229,99.5652173913
Shanghai,ST1200,Jan-07,58,58,0,0.0
Shanghai,ST1200,Feb-07,58,58,0,0.0
Shanghai,ST1200,Mar-07,58,58,0,0.0
Shanghai,ST1200,Apr-07,58,58,0,0.0
Shanghai,ST1200,May-07,58,58,0,0.0
Shanghai,ST1200,Jun-07,58,58,0,0.0
Shanghai,ST1200,Jul-07,58,58,0,0.0
Shanghai,ST1200,Aug-07,58,58,0,0.0
Shanghai,ST1200,Sep-07,58,58,0,0.0
Shanghai,ST1200R,Jan-07,105,105,0,0.0
Shanghai,ST1200R,Feb-07,105,105,0,0.0
Shanghai,ST1200R,Mar-07,105,105,0,0.0
Shanghai,ST1200R,Apr-07,105,105,0,0.0
Shanghai,ST1200R,May-07,105,105,0,0.0
Shanghai,ST1200R,Jun-07,105,105,0,0.0
Shanghai,ST1200R,Jul-07,105,105,0,0.0
Shanghai,ST1200R,Aug-07,105,105,0,0.0
Shanghai,ST1200R,Sep-07,105,105,0,0.0
Shanghai,Bandit 900,Jan-07,188,188,0,0.0
Shanghai,Bandit 900,Feb-07,188,188,0,0.0
Shanghai,Bandit 900,Mar-07,188,188,0,0.0
Shanghai,Bandit 900,Apr-07,188,188,0,0.0
Shanghai,Bandit 900,May-07,188,188,0,0.0
Shanghai,Bandit 900,Jun-07,188,188,0,0.0
Shanghai,Bandit 900,Jul-07,188,188,0,0.0
Shanghai,Bandit 900,Aug-07,188,188,0,0.0
Shanghai,Bandit 900,Sep-07,188,188,0,0.0
Shanghai,Bandit 1200,Jan-07,70,1,69,97.1830985915
Shanghai,Bandit 1200,Feb-07,70,3,67,94.3661971831
Shanghai,Bandit 1200,Mar-07,70,3,67,94.3661971831
Shanghai,Bandit 1200,Apr-07,70,0,70,98.5915492958
Shanghai,Bandit 1200,May-07,70,0,70,98.5915492958
Shanghai,Bandit 1200,Jun-07,70,0,70,98.5915492958
Shanghai,Bandit 1200,Jul-07,70,23,47,66.1971830986
Shanghai,Bandit 1200,Aug-07,70,0,70,98.5915492958
Shanghai,Bandit 1200,Sep-07,70,0,70,98.5915492958
Shanghai,Bandit 1200S,Jan-07,240,240,0,0.0
Shanghai,Bandit 1200S,Feb-07,240,240,0,0.0
Shanghai,Bandit 1200S,Mar-07,240,240,0,0.0
Shanghai,Bandit 1200S,Apr-07,240,240,0,0.0
Shanghai,Bandit 1200S,May-07,240,240,0,0.0
Shanghai,Bandit 1200S,Jun-07,240,240,0,0.0
Shanghai,Bandit 1200S,Jul-07,240,240,0,0.0
Shanghai,Bandit 1200S,Aug-07,240,240,0,0.0
Shanghai,Bandit 1200S,Sep-07,240,240,0,0.0
Shanghai,Enduro 350,Jan-07,117,0,117,99.1525423729
Shanghai,Enduro 350,Feb-07,117,0,117,99.1525423729
Shanghai,Enduro 350,Mar-07,117,0,117,99.1525423729
Shanghai,Enduro 350,Apr-07,117,0,117,99.1525423729
Shanghai,Enduro 350,May-07,117,0,117,99.1525423729
Shanghai,Enduro 350,Jun-07,117,0,117,99.1525423729
Shanghai,Enduro 350,Jul-07,117,0,117,99.1525423729
Shanghai,Enduro 350,Aug-07,117,0,117,99.1525423729
Shanghai,Enduro 350,Sep-07,117,0,117,99.1525423729
Shanghai,Enduro 450,Jan-07,169,0,169,99.4117647059
Shanghai,Enduro 450,Feb-07,169,0,169,99.4117647059
Shanghai,Enduro 450,Mar-07,169,0,169,99.4117647059
Shanghai,Enduro 450,Apr-07,169,0,169,99.4117647059
Shanghai,Enduro 450,May-07,169,0,169,99.4117647059
Shanghai,Enduro 450,Jun-07,169,0,169,99.4117647059
Shanghai,Enduro 450,Jul-07,169,0,169,99.4117647059
Shanghai,Enduro 450,Aug-07,169,0,169,99.4117647059
Shanghai,Enduro 450,Sep-07,169,0,169,99.4117647059
Shanghai,Enduro 550,Jan-07,154,154,0,0.0
Shanghai,Enduro 550,Feb-07,154,154,0,0.0
Shanghai,Enduro 550,Mar-07,154,154,0,0.0
Shanghai,Enduro 550,Apr-07,154,154,0,0.0
Shanghai,Enduro 550,May-07,154,154,0,0.0
Shanghai,Enduro 550,Jun-07,154,154,0,0.0
Shanghai,Enduro 550,Jul-07,154,154,0,0.0
Shanghai,Enduro 550,Aug-07,154,154,0,0.0
Shanghai,Enduro 550,Sep-07,154,154,0,0.0
Shanghai,CRX500,Jan-07,266,0,266,99.6254681648
Shanghai,CRX500,Feb-07,266,0,266,99.6254681648
Shanghai,CRX500,Mar-07,266,0,266,99.6254681648
Shanghai,CRX500,Apr-07,266,0,266,99.6254681648
Shanghai,CRX500,May-07,266,0,266,99.6254681648
Shanghai,CRX500,Jun-07,266,0,266,99.6254681648
Shanghai,CRX500,Jul-07,266,0,266,99.6254681648
Shanghai,CRX500,Aug-07,266,0,266,99.6254681648
Shanghai,CRX500,Sep-07,266,0,266,99.6254681648
Shanghai,CRS550,Jan-07,261,43,218,83.2061068702
Shanghai,CRS550,Feb-07,261,25,236,90.0763358779
Shanghai,CRS550,Mar-07,261,12,249,95.0381679389
Shanghai,CRS550,Apr-07,261,17,244,93.1297709924
Shanghai,CRS550,May-07,261,21,240,91.6030534351
Shanghai,CRS550,Jun-07,261,14,247,94.2748091603
Shanghai,CRS550,Jul-07,261,0,261,99.6183206107
Shanghai,CRS550,Aug-07,261,0,261,99.6183206107
Shanghai,CRS550,Sep-07,261,0,261,99.6183206107
Shanghai,CRX600,Jan-07,117,117,0,0.0
Shanghai,CRX600,Feb-07,117,117,0,0.0
Shanghai,CRX600,Mar-07,117,117,0,0.0
Shanghai,CRX600,Apr-07,117,117,0,0.0
Shanghai,CRX600,May-07,117,117,0,0.0
Shanghai,CRX600,Jun-07,117,117,0,0.0
Shanghai,CRX600,Jul-07,117,117,0,0.0
Shanghai,CRX600,Aug-07,117,117,0,0.0
Shanghai,CRX600,Sep-07,117,117,0,0.0
Shanghai,CRX650,Jan-07,72,72,0,0.0
Shanghai,CRX650,Feb-07,72,72,0,0.0
Shanghai,CRX650,Mar-07,72,72,0,0.0
Shanghai,CRX650,Apr-07,72,72,0,0.0
Shanghai,CRX650,May-07,72,72,0,0.0
Shanghai,CRX650,Jun-07,72,72,0,0.0
Shanghai,CRX650,Jul-07,72,72,0,0.0
Shanghai,CRX650,Aug-07,72,72,0,0.0
Shanghai,CRX650,Sep-07,72,72,0,0.0
